source_id,university_slug,university_id,college_id,department_id,org_unit_id,college_name,department_name,source_level,source_name,list_url,base_url,list_item_selector,link_selector,title_selector,date_selector,detail_content_selector,detail_date_selector,notice_url_pattern,keywords,adapter,enabled
cau_001,cau,9,136,910,719,경영경제대학,경영학부,department,중앙대 경영학부,https://biz.cau.ac.kr/2016/sub06/sub06_01_list.php,https://biz.cau.ac.kr,,a[href],,,,,,장학|장학금|학자금|등록금|scholarship|tuition|fellowship,,true
cau_002,cau,9,136,509,720,경영경제대학,경제학부,department,중앙대 경제학부,https://econ.cau.ac.kr/news/notice/,https://econ.cau.ac.kr,,a[href],,,,,,장학|장학금|학자금|등록금|scholarship|tuition|fellowship,,true
cau_003,cau,9,136,511,721,경영경제대학,광고홍보학과,department,중앙대 광고홍보학과,https://iadpr.cau.ac.kr/fm/fm_1.php,https://iadpr.cau.ac.kr,,a[href],,,,,,장학|장학금|학자금|등록금|scholarship|tuition|fellowship,,true
cau_004,cau,9,136,512,722,경영경제대학,국제물류학과,department,중앙대 국제물류학과,https://log.cau.ac.kr/dm/dm_1.php,https://log.cau.ac.kr,,a[href],,,,,,장학|장학금|학자금|등록금|scholarship|tuition|fellowship,,true
cau_005,cau,9,136,508,723,경영경제대학,글로벌금융전공,department,중앙대 글로벌금융전공,https://biz.cau.ac.kr/2016/sub06/sub06_01_list.php,https://biz.cau.ac.kr,,a[href],,,,,,장학|장학금|학자금|등록금|scholarship|tuition|fellowship,,true
cau_006,cau,9,136,513,724,경영경제대학,산업보안학과,department,중앙대 산업보안학과,https://security.cau.ac.kr/board.htm?bbsid=notice,https://security.cau.ac.kr,,a[href],,,,,,장학|장학금|학자금|등록금|scholarship|tuition|fellowship,,true
cau_007,cau,9,136,510,725,경영경제대학,응용통계학과,department,중앙대 응용통계학과,https://stat.cau.ac.kr/notice/undergraduate,https://stat.cau.ac.kr,,a[href],,,,,,장학|장학금|학자금|등록금|scholarship|tuition|fellowship,,true
cau_008,cau,9,136,514,726,경영경제대학,지식경영학부,department,중앙대 지식경영학부,https://global.cau.ac.kr/kr/notice/notice.php,https://global.cau.ac.kr,,a[href],,,,,,장학|장학금|학자금|등록금|scholarship|tuition|fellowship,,true
cau_009,cau,9,138,519,731,공과대학,건설환경플랜트공학전공,department,중앙대 건설환경플랜트공학전공,https://civil.cau.ac.kr/?version=135&spkey=5b3a3e4874f80210e3b655253439c7e702c29894&module=true&PageAccess=main/board&brcode=notice01,https://civil.cau.ac.kr,,a[href],,,,,,장학|장학금|학자금|등록금|scholarship|tuition|fellowship,,true
cau_010,cau,9,138,911,732,공과대학,건축학부,department,중앙대 건축학부,http://archicau.com/wordpress/%ea%b3%b5%ec%a7%80%ec%82%ac%ed%95%ad/,http://archicau.com,,a[href],,,,,,장학|장학금|학자금|등록금|scholarship|tuition|fellowship,,true
cau_011,cau,9,138,524,733,공과대학,기계공학부,department,중앙대 기계공학부,https://me.cau.ac.kr/bbs/board.php?bo_table=sub5_1,https://me.cau.ac.kr,,a[href],,,,,,장학|장학금|학자금|등록금|scholarship|tuition|fellowship,,true
cau_012,cau,9,138,520,734,공과대학,도시시스템공학전공,department,중앙대 도시시스템공학전공,https://civil.cau.ac.kr/?version=135&spkey=5b3a3e4874f80210e3b655253439c7e702c29894&module=true&PageAccess=main/board&brcode=notice01,https://civil.cau.ac.kr,,a[href],,,,,,장학|장학금|학자금|등록금|scholarship|tuition|fellowship,,true
cau_013,cau,9,138,912,736,공과대학,에너지시스템공학부,department,중앙대 에너지시스템공학부,http://cauese.co.kr/%EC%BB%A4%EB%AE%A4%EB%8B%88%ED%8B%B0/?term=4,http://cauese.co.kr,,a[href],,,,,,장학|장학금|학자금|등록금|scholarship|tuition|fellowship,,true
cau_014,cau,9,138,527,735,공과대학,발전전기전공,department,중앙대 발전전기전공,http://cauese.co.kr/%EC%BB%A4%EB%AE%A4%EB%8B%88%ED%8B%B0/?term=4,http://cauese.co.kr,,a[href],,,,,,장학|장학금|학자금|등록금|scholarship|tuition|fellowship,,true
cau_015,cau,9,138,525,737,공과대학,원자력전공,department,중앙대 원자력전공,http://cauese.co.kr/%EC%BB%A4%EB%AE%A4%EB%8B%88%ED%8B%B0/?term=4,http://cauese.co.kr,,a[href],,,,,,장학|장학금|학자금|등록금|scholarship|tuition|fellowship,,true
cau_016,cau,9,138,528,738,공과대학,첨단소재공학과,department,중앙대 첨단소재공학과,http://ame.cau.ac.kr/bbs/board.php?tbl=bbs49,http://ame.cau.ac.kr,,a[href],,,,,,장학|장학금|학자금|등록금|scholarship|tuition|fellowship,,true
cau_017,cau,9,138,523,739,공과대학,화학공학과,department,중앙대 화학공학과,https://chemeng.cau.ac.kr/2018/sub05/sub05_01.php,https://chemeng.cau.ac.kr,,a[href],,,,,,장학|장학금|학자금|등록금|scholarship|tuition|fellowship,,true
cau_018,cau,9,135,503,715,사범대학,교육학과,department,중앙대 교육학과,https://education.cau.ac.kr/bbs/board.php?bo_table=s0301,https://education.cau.ac.kr,,a[href],,,,,,장학|장학금|학자금|등록금|scholarship|tuition|fellowship,,true
cau_019,cau,9,135,505,716,사범대학,영어교육과,department,중앙대 영어교육과,https://englishedu.cau.ac.kr/?r=home&c=board/notice,https://englishedu.cau.ac.kr,,a[href],,,,,,장학|장학금|학자금|등록금|scholarship|tuition|fellowship,,true
cau_020,cau,9,135,504,717,사범대학,유아교육과,department,중앙대 유아교육과,https://cauece.cau.ac.kr/bbs/board.php?bo_table=s0406,https://cauece.cau.ac.kr,,a[href],,,,,,장학|장학금|학자금|등록금|scholarship|tuition|fellowship,,true
cau_021,cau,9,135,506,718,사범대학,체육교육과,department,중앙대 체육교육과,https://pe.cau.ac.kr/bbs/board.php?bo_table=s0207,https://pe.cau.ac.kr,,a[href],,,,,,장학|장학금|학자금|등록금|scholarship|tuition|fellowship,,true
cau_022,cau,9,134,495,706,사회과학대학,공공인재학부,department,중앙대 공공인재학부,https://public.cau.ac.kr/04_pov/pov_01a.php,https://public.cau.ac.kr,,a[href],,,,,,장학|장학금|학자금|등록금|scholarship|tuition|fellowship,,true
cau_023,cau,9,134,502,707,사회과학대학,도시계획·부동산학과,department,중앙대 도시계획·부동산학과,https://planning.cau.ac.kr/bbs/board.php?tbl=notice&bbs_option=,https://planning.cau.ac.kr,,a[href],,,,,,장학|장학금|학자금|등록금|scholarship|tuition|fellowship,,true
cau_024,cau,9,134,909,709,사회과학대학,미디어커뮤니케이션학부,department,중앙대 미디어커뮤니케이션학부,https://cmc.cau.ac.kr/05_notice/notice_01a.php,https://cmc.cau.ac.kr,,a[href],,,,,,장학|장학금|학자금|등록금|scholarship|tuition|fellowship,,true
cau_025,cau,9,134,497,708,사회과학대학,문헌정보학과,department,중앙대 문헌정보학과,https://lis.cau.ac.kr/02_notice/notice_01a.php,https://lis.cau.ac.kr,,a[href],,,,,,장학|장학금|학자금|등록금|scholarship|tuition|fellowship,,true
cau_026,cau,9,134,498,710,사회과학대학,사회복지학부,department,중앙대 사회복지학부,https://socialwelfare.cau.ac.kr/06_comm/comm_01a.php,https://socialwelfare.cau.ac.kr,,a[href],,,,,,장학|장학금|학자금|등록금|scholarship|tuition|fellowship,,true
cau_027,cau,9,134,501,711,사회과학대학,사회학과,department,중앙대 사회학과,https://sociology.cau.ac.kr/dm/dm-1.php,https://sociology.cau.ac.kr,,a[href],,,,,,장학|장학금|학자금|등록금|scholarship|tuition|fellowship,,true
cau_028,cau,9,134,496,712,사회과학대학,심리학과,department,중앙대 심리학과,https://psyche.cau.ac.kr/notice/sub01.asp,https://psyche.cau.ac.kr,,a[href],,,,,,장학|장학금|학자금|등록금|scholarship|tuition|fellowship,,true
cau_029,cau,9,134,499,713,사회과학대학,언론정보전공,department,중앙대 언론정보전공,https://cmc.cau.ac.kr/05_notice/notice_01a.php,https://cmc.cau.ac.kr,,a[href],,,,,,장학|장학금|학자금|등록금|scholarship|tuition|fellowship,,true
cau_030,cau,9,134,494,714,사회과학대학,정치국제학과,department,중앙대 정치국제학과,https://politics.cau.ac.kr/07_comm/comm_08a.php,https://politics.cau.ac.kr,,a[href],,,,,,장학|장학금|학자금|등록금|scholarship|tuition|fellowship,,true
cau_031,cau,9,144,538,749,생명공학대학,동물생명공학전공,department,중앙대 동물생명공학전공,https://cobiotech.cau.ac.kr/animal/dm/dm-1.php,https://cobiotech.cau.ac.kr,,a[href],,,,,,장학|장학금|학자금|등록금|scholarship|tuition|fellowship,,true
cau_032,cau,9,144,542,750,생명공학대학,시스템생명공학과,department,중앙대 시스템생명공학과,https://cobiotech.cau.ac.kr/system/dm/dm-1.php,https://cobiotech.cau.ac.kr,,a[href],,,,,,장학|장학금|학자금|등록금|scholarship|tuition|fellowship,,true
cau_033,cau,9,144,539,751,생명공학대학,식물생명공학전공,department,중앙대 식물생명공학전공,https://cobiotech.cau.ac.kr/plant/dm/dm-1.php,https://cobiotech.cau.ac.kr,,a[href],,,,,,장학|장학금|학자금|등록금|scholarship|tuition|fellowship,,true
cau_034,cau,9,144,540,752,생명공학대학,식품공학전공,department,중앙대 식품공학전공,https://cobiotech.cau.ac.kr/foodtech/dm/dm-1.php,https://cobiotech.cau.ac.kr,,a[href],,,,,,장학|장학금|학자금|등록금|scholarship|tuition|fellowship,,true
cau_035,cau,9,144,541,753,생명공학대학,식품영양학전공,department,중앙대 식품영양학전공,https://cobiotech.cau.ac.kr/foodnutri/dm/dm-1.php,https://cobiotech.cau.ac.kr,,a[href],,,,,,장학|장학금|학자금|등록금|scholarship|tuition|fellowship,,true
cau_036,cau,9,140,533,743,소프트웨어대학,AI학과,department,중앙대 AI학과,https://ai.cau.ac.kr/sub07/sub0701.php?category=1&view=list,https://ai.cau.ac.kr,,a[href],,,,,,장학|장학금|학자금|등록금|scholarship|tuition|fellowship,,true
cau_037,cau,9,140,532,744,소프트웨어대학,소프트웨어학부,department,중앙대 소프트웨어학부,https://cse.cau.ac.kr/sub05/sub0501.php,https://cse.cau.ac.kr,,a[href],,,,,,장학|장학금|학자금|등록금|scholarship|tuition|fellowship,,true
cau_038,cau,9,141,534,745,약학대학,약학전공,department,중앙대 약학전공,https://pharm.cau.ac.kr/fm/fm-2-1.php,https://pharm.cau.ac.kr,,a[href],,,,,,장학|장학금|학자금|등록금|scholarship|tuition|fellowship,,true
cau_039,cau,9,141,535,746,약학대학,제약학전공,department,중앙대 제약학전공,https://pharm.cau.ac.kr/fm/fm-2-1.php,https://pharm.cau.ac.kr,,a[href],,,,,,장학|장학금|학자금|등록금|scholarship|tuition|fellowship,,true
cau_040,cau,9,145,543,754,예술공학대학,예술공학부,department,중앙대 예술공학부,https://artech.cau.ac.kr/news,https://artech.cau.ac.kr,,a[href],,,,,,장학|장학금|학자금|등록금|scholarship|tuition|fellowship,cau_artech,true
cau_041,cau,9,146,564,755,예술대학,TV방송연예전공,department,중앙대 TV방송연예전공,https://arts.cau.ac.kr/user-datas/ko/notice_list.asp?type=%EC%9E%A5%ED%95%99,https://arts.cau.ac.kr,,a[href],,,,,,장학|장학금|학자금|등록금|scholarship|tuition|fellowship,,true
cau_042,cau,9,146,566,756,예술대학,게임콘텐츠·애니메이션전공,department,중앙대 게임콘텐츠·애니메이션전공,https://arts.cau.ac.kr/user-datas/ko/notice_list.asp?type=%EC%9E%A5%ED%95%99,https://arts.cau.ac.kr,,a[href],,,,,,장학|장학금|학자금|등록금|scholarship|tuition|fellowship,,true
cau_043,cau,9,146,546,757,예술대학,공간연출전공,department,중앙대 공간연출전공,https://arts.cau.ac.kr/user-datas/ko/notice_list.asp?type=%EC%9E%A5%ED%95%99,https://arts.cau.ac.kr,,a[href],,,,,,장학|장학금|학자금|등록금|scholarship|tuition|fellowship,,true
cau_044,cau,9,146,553,758,예술대학,공예전공,department,중앙대 공예전공,https://arts.cau.ac.kr/user-datas/ko/notice_list.asp?type=%EC%9E%A5%ED%95%99,https://arts.cau.ac.kr,,a[href],,,,,,장학|장학금|학자금|등록금|scholarship|tuition|fellowship,,true
cau_045,cau,9,146,561,759,예술대학,관현악전공,department,중앙대 관현악전공,https://arts.cau.ac.kr/user-datas/ko/notice_list.asp?type=%EC%9E%A5%ED%95%99,https://arts.cau.ac.kr,,a[href],,,,,,장학|장학금|학자금|등록금|scholarship|tuition|fellowship,,true
cau_046,cau,9,146,549,760,예술대학,무용전공,department,중앙대 무용전공,https://arts.cau.ac.kr/user-datas/ko/notice_list.asp?type=%EC%9E%A5%ED%95%99,https://arts.cau.ac.kr,,a[href],,,,,,장학|장학금|학자금|등록금|scholarship|tuition|fellowship,,true
cau_047,cau,9,146,547,761,예술대학,문예창작전공,department,중앙대 문예창작전공,https://arts.cau.ac.kr/user-datas/ko/notice_list.asp?type=%EC%9E%A5%ED%95%99,https://arts.cau.ac.kr,,a[href],,,,,,장학|장학금|학자금|등록금|scholarship|tuition|fellowship,,true
cau_048,cau,9,146,548,762,예술대학,사진전공,department,중앙대 사진전공,https://arts.cau.ac.kr/user-datas/ko/notice_list.asp?type=%EC%9E%A5%ED%95%99,https://arts.cau.ac.kr,,a[href],,,,,,장학|장학금|학자금|등록금|scholarship|tuition|fellowship,,true
cau_049,cau,9,146,554,763,예술대학,산업디자인전공,department,중앙대 산업디자인전공,https://arts.cau.ac.kr/user-datas/ko/notice_list.asp?type=%EC%9E%A5%ED%95%99,https://arts.cau.ac.kr,,a[href],,,,,,장학|장학금|학자금|등록금|scholarship|tuition|fellowship,,true
cau_050,cau,9,146,551,764,예술대학,서양화전공,department,중앙대 서양화전공,https://arts.cau.ac.kr/user-datas/ko/notice_list.asp?type=%EC%9E%A5%ED%95%99,https://arts.cau.ac.kr,,a[href],,,,,,장학|장학금|학자금|등록금|scholarship|tuition|fellowship,,true
cau_051,cau,9,146,559,765,예술대학,성악전공,department,중앙대 성악전공,https://arts.cau.ac.kr/user-datas/ko/notice_list.asp?type=%EC%9E%A5%ED%95%99,https://arts.cau.ac.kr,,a[href],,,,,,장학|장학금|학자금|등록금|scholarship|tuition|fellowship,,true
cau_052,cau,9,146,555,766,예술대학,시각디자인전공,department,중앙대 시각디자인전공,https://arts.cau.ac.kr/user-datas/ko/notice_list.asp?type=%EC%9E%A5%ED%95%99,https://arts.cau.ac.kr,,a[href],,,,,,장학|장학금|학자금|등록금|scholarship|tuition|fellowship,,true
cau_053,cau,9,146,556,767,예술대학,실내환경디자인전공,department,중앙대 실내환경디자인전공,https://arts.cau.ac.kr/user-datas/ko/notice_list.asp?type=%EC%9E%A5%ED%95%99,https://arts.cau.ac.kr,,a[href],,,,,,장학|장학금|학자금|등록금|scholarship|tuition|fellowship,,true
cau_054,cau,9,146,565,768,예술대학,실용음악전공,department,중앙대 실용음악전공,https://arts.cau.ac.kr/user-datas/ko/notice_list.asp?type=%EC%9E%A5%ED%95%99,https://arts.cau.ac.kr,,a[href],,,,,,장학|장학금|학자금|등록금|scholarship|tuition|fellowship,,true
cau_055,cau,9,146,544,769,예술대학,연극전공,department,중앙대 연극전공,https://arts.cau.ac.kr/user-datas/ko/notice_list.asp?type=%EC%9E%A5%ED%95%99,https://arts.cau.ac.kr,,a[href],,,,,,장학|장학금|학자금|등록금|scholarship|tuition|fellowship,,true
cau_056,cau,9,146,563,770,예술대학,연희예술전공,department,중앙대 연희예술전공,https://arts.cau.ac.kr/user-datas/ko/notice_list.asp?type=%EC%9E%A5%ED%95%99,https://arts.cau.ac.kr,,a[href],,,,,,장학|장학금|학자금|등록금|scholarship|tuition|fellowship,,true
cau_057,cau,9,146,545,771,예술대학,영화전공,department,중앙대 영화전공,https://arts.cau.ac.kr/user-datas/ko/notice_list.asp?type=%EC%9E%A5%ED%95%99,https://arts.cau.ac.kr,,a[href],,,,,,장학|장학금|학자금|등록금|scholarship|tuition|fellowship,,true
cau_058,cau,9,146,562,772,예술대학,음악예술전공,department,중앙대 음악예술전공,https://arts.cau.ac.kr/user-datas/ko/notice_list.asp?type=%EC%9E%A5%ED%95%99,https://arts.cau.ac.kr,,a[href],,,,,,장학|장학금|학자금|등록금|scholarship|tuition|fellowship,,true
cau_059,cau,9,146,558,773,예술대학,작곡전공,department,중앙대 작곡전공,https://arts.cau.ac.kr/user-datas/ko/notice_list.asp?type=%EC%9E%A5%ED%95%99,https://arts.cau.ac.kr,,a[href],,,,,,장학|장학금|학자금|등록금|scholarship|tuition|fellowship,,true
cau_060,cau,9,146,552,774,예술대학,조소전공,department,중앙대 조소전공,https://arts.cau.ac.kr/user-datas/ko/notice_list.asp?type=%EC%9E%A5%ED%95%99,https://arts.cau.ac.kr,,a[href],,,,,,장학|장학금|학자금|등록금|scholarship|tuition|fellowship,,true
cau_061,cau,9,146,557,775,예술대학,패션전공,department,중앙대 패션전공,https://arts.cau.ac.kr/user-datas/ko/notice_list.asp?type=%EC%9E%A5%ED%95%99,https://arts.cau.ac.kr,,a[href],,,,,,장학|장학금|학자금|등록금|scholarship|tuition|fellowship,,true
cau_062,cau,9,146,560,776,예술대학,피아노전공,department,중앙대 피아노전공,https://arts.cau.ac.kr/user-datas/ko/notice_list.asp?type=%EC%9E%A5%ED%95%99,https://arts.cau.ac.kr,,a[href],,,,,,장학|장학금|학자금|등록금|scholarship|tuition|fellowship,,true
cau_063,cau,9,146,550,777,예술대학,한국화전공,department,중앙대 한국화전공,https://arts.cau.ac.kr/user-datas/ko/notice_list.asp?type=%EC%9E%A5%ED%95%99,https://arts.cau.ac.kr,,a[href],,,,,,장학|장학금|학자금|등록금|scholarship|tuition|fellowship,,true
cau_064,cau,9,142,536,747,의과대학,의학부,department,중앙대 의학부,https://med.cau.ac.kr/site/program/board/basicboard/list.do?menuid=001002001001&boardtypeid=3,https://med.cau.ac.kr,tbody tr,a[href],a[href],"td:last-child, .date, .board-date, .wr_date",,,(mode=view|articleNo=|boardNo=|nttNo=|idx=|no=\d+),장학|장학금|학자금|등록금|scholarship|tuition|fellowship,,true
cau_065,cau,9,133,485,697,인문대학,국어국문학과,department,중앙대 국어국문학과,https://koll.cau.ac.kr/board/u-notice/,https://koll.cau.ac.kr,,a[href],,,,,,장학|장학금|학자금|등록금|scholarship|tuition|fellowship,,true
cau_066,cau,9,133,489,698,인문대학,독일어문학전공,department,중앙대 독일어문학전공,https://germania.cau.ac.kr/cm/cm_1.php,https://germania.cau.ac.kr,,a[href],,,,,,장학|장학금|학자금|등록금|scholarship|tuition|fellowship,,true
cau_067,cau,9,133,491,699,인문대학,러시아어문학전공,department,중앙대 러시아어문학전공,https://caurussia.cau.ac.kr/dm/dm_1.php,https://caurussia.cau.ac.kr,,a[href],,,,,,장학|장학금|학자금|등록금|scholarship|tuition|fellowship,,true
cau_068,cau,9,133,488,700,인문대학,역사학과,department,중앙대 역사학과,https://history.cau.ac.kr/01_notice/notice_04a.asp,https://history.cau.ac.kr,,a[href],,,,,,장학|장학금|학자금|등록금|scholarship|tuition|fellowship,,true
cau_069,cau,9,133,486,701,인문대학,영어영문학과,department,중앙대 영어영문학과,http://english.cau.ac.kr/bbs/list.php?wcode=01,http://english.cau.ac.kr,,a[href],,,,,,장학|장학금|학자금|등록금|scholarship|tuition|fellowship,,true
cau_070,cau,9,133,492,702,인문대학,일본어문학전공,department,중앙대 일본어문학전공,https://caujapanese.kr/notice,https://caujapanese.kr,,a[href],,,,,,장학|장학금|학자금|등록금|scholarship|tuition|fellowship,,true
cau_071,cau,9,133,493,703,인문대학,중국어문학전공,department,중앙대 중국어문학전공,https://ccll.cau.ac.kr/dm/dm_1.php,https://ccll.cau.ac.kr,,a[href],,,,,,장학|장학금|학자금|등록금|scholarship|tuition|fellowship,,true
cau_072,cau,9,133,487,704,인문대학,철학과,department,중앙대 철학과,http://spacl.dsso.kr/bbs/board.php?bo_table=sub2_4,http://spacl.dsso.kr,,a[href],,,,,,장학|장학금|학자금|등록금|scholarship|tuition|fellowship,,true
cau_073,cau,9,133,490,705,인문대학,프랑스어문학전공,department,중앙대 프랑스어문학전공,https://caufrance.cau.ac.kr/em/em_1.php,https://caufrance.cau.ac.kr,,a[href],,,,,,장학|장학금|학자금|등록금|scholarship|tuition|fellowship,,true
cau_074,cau,9,137,515,727,자연과학대학,물리학과,department,중앙대 물리학과,https://physics.cau.ac.kr/FM/fm_6.php,https://physics.cau.ac.kr,,a[href],,,,,,장학|장학금|학자금|등록금|scholarship|tuition|fellowship,,true
cau_075,cau,9,137,517,728,자연과학대학,생명과학과,department,중앙대 생명과학과,https://bio.cau.ac.kr/sub4.php?sca=%ED%95%99%EB%B6%80,https://bio.cau.ac.kr,,a[href],,,,,,장학|장학금|학자금|등록금|scholarship|tuition|fellowship,,true
cau_076,cau,9,137,518,729,자연과학대학,수학과,department,중앙대 수학과,https://math.cau.ac.kr/notice/notice.php,https://math.cau.ac.kr,,a[href],,,,,,장학|장학금|학자금|등록금|scholarship|tuition|fellowship,,true
cau_077,cau,9,137,516,730,자연과학대학,화학과,department,중앙대 화학과,https://chem.cau.ac.kr/eng/board.php?selected=notice,https://chem.cau.ac.kr,,a[href],,,,,,장학|장학금|학자금|등록금|scholarship|tuition|fellowship,,true
cau_078,cau,9,143,537,748,간호대학,간호학과,department,중앙대 간호학과,https://nursing.cau.ac.kr/bbs/board.php?tbl=bbs71,https://nursing.cau.ac.kr,,a[href],,,,,,장학|장학금|학자금|등록금|scholarship|tuition|fellowship,,true
cau_079,cau,9,139,913,740,창의ICT공과대학,융합공학부,department,중앙대 융합공학부,https://ie.cau.ac.kr/sch_5/notice.php,https://ie.cau.ac.kr,,a[href],,,,,,장학|장학금|학자금|등록금|scholarship|tuition|fellowship,,true
cau_080,cau,9,139,914,742,창의ICT공과대학,지능형반도체공학부,department,중앙대 지능형반도체공학부,https://isemi.cau.ac.kr/fm/fm_1.php,https://isemi.cau.ac.kr,,a[href],,,,,,장학|장학금|학자금|등록금|scholarship|tuition|fellowship,,true
cau_081,cau,9,139,529,741,창의ICT공과대학,전자전기공학부,department,중앙대 전자전기공학부,https://e3home.cau.ac.kr/em/em_1.php,https://e3home.cau.ac.kr,,a[href],,,,,,장학|장학금|학자금|등록금|scholarship|tuition|fellowship,,true
cau_082,cau,9,147,569,778,체육대학,골프전공,department,중앙대 골프전공,http://sport.cau.ac.kr/u2_notice,http://sport.cau.ac.kr,,a[href],,,,,,장학|장학금|학자금|등록금|scholarship|tuition|fellowship,,true
cau_083,cau,9,147,567,779,체육대학,생활·레저스포츠전공,department,중앙대 생활·레저스포츠전공,http://sport.cau.ac.kr/u2_notice,http://sport.cau.ac.kr,,a[href],,,,,,장학|장학금|학자금|등록금|scholarship|tuition|fellowship,,true
cau_084,cau,9,147,568,780,체육대학,스포츠산업전공,department,중앙대 스포츠산업전공,http://sport.cau.ac.kr/u2_notice,http://sport.cau.ac.kr,,a[href],,,,,,장학|장학금|학자금|등록금|scholarship|tuition|fellowship,,true
cau_univ_001,cau,9,,,8,대학본부,,university,중앙대 학생지원팀 통합 장학 공지,https://www.cau.ac.kr/cms/FR_CON/index.do?MENU_ID=100&CONTENTS_NO=5&P_TAB_NO=5,https://www.cau.ac.kr,,,,,,,,장학|장학금|학자금|등록금|scholarship|tuition|fellowship,cau_portal,true
ewha_001,ewha,8,127,463,674,,간호학부,department,이화여대 간호학부,https://nursing.ewha.ac.kr/nursing/intro/nursing-undergraduate-news.do,https://nursing.ewha.ac.kr,tbody tr,a[href],a[href],"td:last-child, .date, .board-date, .wr_date",,,(mode=view|articleNo=|boardNo=|nttNo=|idx=|no=\d+),장학|장학금|학자금|등록금|scholarship|tuition|fellowship,,true
ewha_002,ewha,8,123,443,656,,경영학부,department,이화여대 경영학부,https://biz.ewha.ac.kr/biz/biz/notice.do,https://biz.ewha.ac.kr,tbody tr,a[href],a[href],"td:last-child, .date, .board-date, .wr_date",,,(mode=view|articleNo=|boardNo=|nttNo=|idx=|no=\d+),장학|장학금|학자금|등록금|scholarship|tuition|fellowship,,true
ewha_003,ewha,8,122,439,648,,건축도시시스템공학과,department,이화여대 건축도시시스템공학과,https://ewharchi.ewha.ac.kr/ewharchi/board/scholarship-notice.do,https://ewharchi.ewha.ac.kr,tbody tr,a[href],a[href],"td:last-child, .date, .board-date, .wr_date",,,(mode=view|articleNo=|boardNo=|nttNo=|idx=|no=\d+),장학|장학금|학자금|등록금|scholarship|tuition|fellowship,,true
ewha_004,ewha,8,122,438,649,,건축학과,department,이화여대 건축학과,https://ea.ewha.ac.kr/sj,https://ea.ewha.ac.kr,,a[href],,,,,,장학|장학금|학자금|등록금|scholarship|tuition|fellowship,,true
ewha_005,ewha,8,122,441,650,,기후에너지시스템공학과,department,이화여대 기후에너지시스템공학과,https://cese.ewha.ac.kr/cese/alram/notice.do,https://cese.ewha.ac.kr,tbody tr,a[href],a[href],"td:last-child, .date, .board-date, .wr_date",,,(mode=view|articleNo=|boardNo=|nttNo=|idx=|no=\d+),장학|장학금|학자금|등록금|scholarship|tuition|fellowship,,true
ewha_006,ewha,8,122,904,652,,융합전자반도체공학부,department,이화여대 융합전자반도체공학부,https://ee.ewha.ac.kr/ewhaeleca/information/notice.do,https://ee.ewha.ac.kr,tbody tr,a[href],a[href],"td:last-child, .date, .board-date, .wr_date",,,(mode=view|articleNo=|boardNo=|nttNo=|idx=|no=\d+),장학|장학금|학자금|등록금|scholarship|tuition|fellowship,,true
ewha_007,ewha,8,122,436,651,,식품생명공학과,department,이화여대 식품생명공학과,https://foodbiotech.ewha.ac.kr/foodbiotech/board/notice.do,https://foodbiotech.ewha.ac.kr,tbody tr,a[href],a[href],"td:last-child, .date, .board-date, .wr_date",,,(mode=view|articleNo=|boardNo=|nttNo=|idx=|no=\d+),장학|장학금|학자금|등록금|scholarship|tuition|fellowship,,true
ewha_008,ewha,8,122,437,653,,화공신소재공학과,department,이화여대 화공신소재공학과,https://chems.ewha.ac.kr/scholarship/,https://chems.ewha.ac.kr,,a[href],,,,,,장학|장학금|학자금|등록금|scholarship|tuition|fellowship,,true
ewha_009,ewha,8,122,440,654,,환경공학과,department,이화여대 환경공학과,https://environewha.ewha.ac.kr/environewha/board/scholarship.do,https://environewha.ewha.ac.kr,tbody tr,a[href],a[href],"td:last-child, .date, .board-date, .wr_date",,,(mode=view|articleNo=|boardNo=|nttNo=|idx=|no=\d+),장학|장학금|학자금|등록금|scholarship|tuition|fellowship,,true
ewha_010,ewha,8,122,442,655,,휴먼기계바이오공학과,department,이화여대 휴먼기계바이오공학과,https://mbe.ewha.ac.kr/mbeadmin/community/notice.do,https://mbe.ewha.ac.kr,tbody tr,a[href],a[href],"td:last-child, .date, .board-date, .wr_date",,,(mode=view|articleNo=|boardNo=|nttNo=|idx=|no=\d+),장학|장학금|학자금|등록금|scholarship|tuition|fellowship,,true
ewha_011,ewha,8,125,460,663,,과학교육과,department,이화여대 과학교육과,https://myr.ewha.ac.kr/sciedu/board/notice.do,https://myr.ewha.ac.kr,tbody tr,a[href],a[href],"td:last-child, .date, .board-date, .wr_date",,,(mode=view|articleNo=|boardNo=|nttNo=|idx=|no=\d+),장학|장학금|학자금|등록금|scholarship|tuition|fellowship,,true
ewha_012,ewha,8,125,453,664,,교육공학과,department,이화여대 교육공학과,https://cms.ewha.ac.kr/user/indexSub.action?codyMenuSeq=5843683&siteId=et&menuUIType=top,https://cms.ewha.ac.kr,,a[href],,,,,,장학|장학금|학자금|등록금|scholarship|tuition|fellowship,,true
ewha_013,ewha,8,125,450,665,,교육학과,department,이화여대 교육학과,https://www.ewha.ac.kr/ewha/bachelor/scholarship-notice.do,https://www.ewha.ac.kr,tbody tr,a[href],a[href],"td:last-child, .date, .board-date, .wr_date",,,(mode=view|articleNo=|boardNo=|nttNo=|idx=|no=\d+),장학|장학금|학자금|등록금|scholarship|tuition|fellowship,,true
ewha_014,ewha,8,125,459,666,,국어교육과,department,이화여대 국어교육과,https://kle.ewha.ac.kr/kle/notice/notice.do,https://kle.ewha.ac.kr,tbody tr,a[href],a[href],"td:last-child, .date, .board-date, .wr_date",,,(mode=view|articleNo=|boardNo=|nttNo=|idx=|no=\d+),장학|장학금|학자금|등록금|scholarship|tuition|fellowship,,true
ewha_015,ewha,8,125,905,667,,사회과교육과,department,이화여대 사회과교육과,https://dsse.ewha.ac.kr/sse/notice/notice.do,https://dsse.ewha.ac.kr,tbody tr,a[href],a[href],"td:last-child, .date, .board-date, .wr_date",,,(mode=view|articleNo=|boardNo=|nttNo=|idx=|no=\d+),장학|장학금|학자금|등록금|scholarship|tuition|fellowship,,true
ewha_016,ewha,8,125,461,668,,수학교육과,department,이화여대 수학교육과,https://mathed.ewha.ac.kr/mathed/notice/notice.do,https://mathed.ewha.ac.kr,tbody tr,a[href],a[href],"td:last-child, .date, .board-date, .wr_date",,,(mode=view|articleNo=|boardNo=|nttNo=|idx=|no=\d+),장학|장학금|학자금|등록금|scholarship|tuition|fellowship,,true
ewha_017,ewha,8,125,455,669,,영어교육과,department,이화여대 영어교육과,https://engedu.ewha.ac.kr/engedu/community/notice.do,https://engedu.ewha.ac.kr,tbody tr,a[href],a[href],"td:last-child, .date, .board-date, .wr_date",,,(mode=view|articleNo=|boardNo=|nttNo=|idx=|no=\d+),장학|장학금|학자금|등록금|scholarship|tuition|fellowship,,true
ewha_018,ewha,8,125,451,670,,유아교육과,department,이화여대 유아교육과,https://eece2624.ewha.ac.kr/eece2624/board/notice.do,https://eece2624.ewha.ac.kr,tbody tr,a[href],a[href],"td:last-child, .date, .board-date, .wr_date",,,(mode=view|articleNo=|boardNo=|nttNo=|idx=|no=\d+),장학|장학금|학자금|등록금|scholarship|tuition|fellowship,,true
ewha_019,ewha,8,125,452,671,,초등교육과,department,이화여대 초등교육과,https://eee.ewha.ac.kr/eee/board/undergraduate.do,https://eee.ewha.ac.kr,tbody tr,a[href],a[href],"td:last-child, .date, .board-date, .wr_date",,,(mode=view|articleNo=|boardNo=|nttNo=|idx=|no=\d+),장학|장학금|학자금|등록금|scholarship|tuition|fellowship,,true
ewha_020,ewha,8,125,454,672,,특수교육과,department,이화여대 특수교육과,https://sped.ewha.ac.kr/sped/board/notice.do,https://sped.ewha.ac.kr,tbody tr,a[href],a[href],"td:last-child, .date, .board-date, .wr_date",,,(mode=view|articleNo=|boardNo=|nttNo=|idx=|no=\d+),장학|장학금|학자금|등록금|scholarship|tuition|fellowship,,true
ewha_021,ewha,8,120,421,634,,경제학과,department,이화여대 경제학과,https://econ.ewha.ac.kr/econ/alram/notice.do,https://econ.ewha.ac.kr,tbody tr,a[href],a[href],"td:last-child, .date, .board-date, .wr_date",,,(mode=view|articleNo=|boardNo=|nttNo=|idx=|no=\d+),장학|장학금|학자금|등록금|scholarship|tuition|fellowship,,true
ewha_022,ewha,8,120,422,635,,문헌정보학과,department,이화여대 문헌정보학과,https://elis1959.ewha.ac.kr/elis1959/alram/department.do,https://elis1959.ewha.ac.kr,tbody tr,a[href],a[href],"td:last-child, .date, .board-date, .wr_date",,,(mode=view|articleNo=|boardNo=|nttNo=|idx=|no=\d+),장학|장학금|학자금|등록금|scholarship|tuition|fellowship,,true
ewha_023,ewha,8,120,424,636,,사회복지학과,department,이화여대 사회복지학과,https://sw.ewha.ac.kr/sw/board/notice.do,https://sw.ewha.ac.kr,tbody tr,a[href],a[href],"td:last-child, .date, .board-date, .wr_date",,,(mode=view|articleNo=|boardNo=|nttNo=|idx=|no=\d+),장학|장학금|학자금|등록금|scholarship|tuition|fellowship,,true
ewha_024,ewha,8,120,423,637,,사회학과,department,이화여대 사회학과,https://sociology.ewha.ac.kr/socio30/notice/scholarship.do,https://sociology.ewha.ac.kr,tbody tr,a[href],a[href],"td:last-child, .date, .board-date, .wr_date",,,(mode=view|articleNo=|boardNo=|nttNo=|idx=|no=\d+),장학|장학금|학자금|등록금|scholarship|tuition|fellowship,,true
ewha_025,ewha,8,120,426,638,,소비자학과,department,이화여대 소비자학과,https://consume.ewha.ac.kr/consume/board/notice.do,https://consume.ewha.ac.kr,tbody tr,a[href],a[href],"td:last-child, .date, .board-date, .wr_date",,,(mode=view|articleNo=|boardNo=|nttNo=|idx=|no=\d+),장학|장학금|학자금|등록금|scholarship|tuition|fellowship,,true
ewha_026,ewha,8,120,425,639,,심리학과,department,이화여대 심리학과,https://psych.ewha.ac.kr/psych/board/notice-under.do,https://psych.ewha.ac.kr,tbody tr,a[href],a[href],"td:last-child, .date, .board-date, .wr_date",,,(mode=view|articleNo=|boardNo=|nttNo=|idx=|no=\d+),장학|장학금|학자금|등록금|scholarship|tuition|fellowship,,true
ewha_027,ewha,8,120,419,640,,정치외교학과,department,이화여대 정치외교학과,https://politics.ewha.ac.kr/politics/notice/under-notice.do,https://politics.ewha.ac.kr,tbody tr,a[href],a[href],"td:last-child, .date, .board-date, .wr_date",,,(mode=view|articleNo=|boardNo=|nttNo=|idx=|no=\d+),장학|장학금|학자금|등록금|scholarship|tuition|fellowship,,true
ewha_028,ewha,8,120,427,641,,커뮤니케이션·미디어학부,department,이화여대 커뮤니케이션·미디어학부,https://masscomm.ewha.ac.kr/,https://masscomm.ewha.ac.kr,,a[href],,,,,,장학|장학금|학자금|등록금|scholarship|tuition|fellowship,,true
ewha_029,ewha,8,120,420,642,,행정학과,department,이화여대 행정학과,https://pubweb.ewha.ac.kr/pubweb/board/notice.do,https://pubweb.ewha.ac.kr,tbody tr,a[href],a[href],"td:last-child, .date, .board-date, .wr_date",,,(mode=view|articleNo=|boardNo=|nttNo=|idx=|no=\d+),장학|장학금|학자금|등록금|scholarship|tuition|fellowship,,true
ewha_030,ewha,8,129,468,677,,국제학부,department,이화여대 국제학부,https://scrantoncollege.ewha.ac.kr/scranton/notice-board/notice.do,https://scrantoncollege.ewha.ac.kr,tbody tr,a[href],a[href],"td:last-child, .date, .board-date, .wr_date",,,(mode=view|articleNo=|boardNo=|nttNo=|idx=|no=\d+),장학|장학금|학자금|등록금|scholarship|tuition|fellowship,,true
ewha_031,ewha,8,124,446,657,,국제사무학과,department,이화여대 국제사무학과,https://ioa.ewha.ac.kr/ioa/board/notice.do,https://ioa.ewha.ac.kr,tbody tr,a[href],a[href],"td:last-child, .date, .board-date, .wr_date",,,(mode=view|articleNo=|boardNo=|nttNo=|idx=|no=\d+),장학|장학금|학자금|등록금|scholarship|tuition|fellowship,,true
ewha_032,ewha,8,124,447,658,,식품영양학과,department,이화여대 식품영양학과,https://nsfm.ewha.ac.kr/nsfm/community/notice.do,https://nsfm.ewha.ac.kr,tbody tr,a[href],a[href],"td:last-child, .date, .board-date, .wr_date",,,(mode=view|articleNo=|boardNo=|nttNo=|idx=|no=\d+),장학|장학금|학자금|등록금|scholarship|tuition|fellowship,,true
ewha_033,ewha,8,124,448,659,,융합보건학과,department,이화여대 융합보건학과,https://publichealth.ewha.ac.kr/publichealth/board/graduation.do,https://publichealth.ewha.ac.kr,tbody tr,a[href],a[href],"td:last-child, .date, .board-date, .wr_date",,,(mode=view|articleNo=|boardNo=|nttNo=|idx=|no=\d+),장학|장학금|학자금|등록금|scholarship|tuition|fellowship,,true
ewha_034,ewha,8,124,444,660,,융합콘텐츠학과,department,이화여대 융합콘텐츠학과,https://cc.ewha.ac.kr/cc/board/notice.do,https://cc.ewha.ac.kr,tbody tr,a[href],a[href],"td:last-child, .date, .board-date, .wr_date",,,(mode=view|articleNo=|boardNo=|nttNo=|idx=|no=\d+),장학|장학금|학자금|등록금|scholarship|tuition|fellowship,,true
ewha_035,ewha,8,124,445,661,,의류산업학과,department,이화여대 의류산업학과,https://fashion.ewha.ac.kr/fashion/board/notice.do,https://fashion.ewha.ac.kr,tbody tr,a[href],a[href],"td:last-child, .date, .board-date, .wr_date",,,(mode=view|articleNo=|boardNo=|nttNo=|idx=|no=\d+),장학|장학금|학자금|등록금|scholarship|tuition|fellowship,,true
ewha_036,ewha,8,124,449,662,,체육과학부,department,이화여대 체육과학부,https://sports.ewha.ac.kr/sportsstudies/board/notice.do,https://sports.ewha.ac.kr,tbody tr,a[href],a[href],"td:last-child, .date, .board-date, .wr_date",,,(mode=view|articleNo=|boardNo=|nttNo=|idx=|no=\d+),장학|장학금|학자금|등록금|scholarship|tuition|fellowship,,true
ewha_037,ewha,8,128,464,676,,약학전공,department,이화여대 약학전공,https://pharm21.ewha.ac.kr/pharm21/notice-board/notice.do,https://pharm21.ewha.ac.kr,tbody tr,a[href],a[href],"td:last-child, .date, .board-date, .wr_date",,,(mode=view|articleNo=|boardNo=|nttNo=|idx=|no=\d+),장학|장학금|학자금|등록금|scholarship|tuition|fellowship,,true
ewha_038,ewha,8,131,472,684,,건반악기과,department,이화여대 건반악기과,https://music.ewha.ac.kr/emusic/1512/subview.do,https://music.ewha.ac.kr,tbody tr,a[href],a[href],"td:last-child, .date, .board-date, .wr_date",,,(mode=view|articleNo=|boardNo=|nttNo=|idx=|no=\d+),장학|장학금|학자금|등록금|scholarship|tuition|fellowship,,true
ewha_039,ewha,8,126,462,673,,의예과,department,이화여대 의예과,https://www.ewhamed.ac.kr/ewhamed/intro-new/notice.do,https://www.ewhamed.ac.kr,tbody tr,a[href],a[href],"td:last-child, .date, .board-date, .wr_date",,,(mode=view|articleNo=|boardNo=|nttNo=|idx=|no=\d+),장학|장학금|학자금|등록금|scholarship|tuition|fellowship,,true
ewha_040,ewha,8,130,470,681,,사이버보안학과,department,이화여대 사이버보안학과,https://security.ewha.ac.kr/security/student/notice.do,https://security.ewha.ac.kr,tbody tr,a[href],a[href],"td:last-child, .date, .board-date, .wr_date",,,(mode=view|articleNo=|boardNo=|nttNo=|idx=|no=\d+),장학|장학금|학자금|등록금|scholarship|tuition|fellowship,,true
ewha_041,ewha,8,130,918,680,,데이터사이언스전공,department,이화여대 데이터사이언스전공,https://ai.ewha.ac.kr/datascience/board/notice.do,https://ai.ewha.ac.kr,tbody tr,a[href],a[href],"td:last-child, .date, .board-date, .wr_date",,,(mode=view|articleNo=|boardNo=|nttNo=|idx=|no=\d+),장학|장학금|학자금|등록금|scholarship|tuition|fellowship,,true
ewha_042,ewha,8,130,469,683,,컴퓨터공학과,department,이화여대 컴퓨터공학과,https://cse.ewha.ac.kr/cse/student/notice.do,https://cse.ewha.ac.kr,tbody tr,a[href],a[href],"td:last-child, .date, .board-date, .wr_date",,,(mode=view|articleNo=|boardNo=|nttNo=|idx=|no=\d+),장학|장학금|학자금|등록금|scholarship|tuition|fellowship,,true
ewha_043,ewha,8,119,411,626,,국어국문학과,department,이화여대 국어국문학과,https://kukewha.ewha.ac.kr/kukewha/grad/notice.do?mode=list&srCategoryId=&srSearchKey=&srSearchVal=,https://kukewha.ewha.ac.kr,tbody tr,a[href],a[href],"td:last-child, .date, .board-date, .wr_date",,,(mode=view|articleNo=|boardNo=|nttNo=|idx=|no=\d+),장학|장학금|학자금|등록금|scholarship|tuition|fellowship,,true
ewha_044,ewha,8,119,417,627,,기독교학과,department,이화여대 기독교학과,https://christa.ewha.ac.kr/christa/board/scholarship.do,https://christa.ewha.ac.kr,tbody tr,a[href],a[href],"td:last-child, .date, .board-date, .wr_date",,,(mode=view|articleNo=|boardNo=|nttNo=|idx=|no=\d+),장학|장학금|학자금|등록금|scholarship|tuition|fellowship,,true
ewha_045,ewha,8,119,414,628,,독어독문학과,department,이화여대 독어독문학과,https://myr.ewha.ac.kr/german/academic/notice.do,https://myr.ewha.ac.kr,tbody tr,a[href],a[href],"td:last-child, .date, .board-date, .wr_date",,,(mode=view|articleNo=|boardNo=|nttNo=|idx=|no=\d+),장학|장학금|학자금|등록금|scholarship|tuition|fellowship,,true
ewha_046,ewha,8,119,413,629,,불어불문학과,department,이화여대 불어불문학과,https://france.ewha.ac.kr/france/community/events.do,https://france.ewha.ac.kr,tbody tr,a[href],a[href],"td:last-child, .date, .board-date, .wr_date",,,(mode=view|articleNo=|boardNo=|nttNo=|idx=|no=\d+),장학|장학금|학자금|등록금|scholarship|tuition|fellowship,,true
ewha_047,ewha,8,119,415,630,,사학과,department,이화여대 사학과,https://historian.ewha.ac.kr/historian/notice/notice.do,https://historian.ewha.ac.kr,tbody tr,a[href],a[href],"td:last-child, .date, .board-date, .wr_date",,,(mode=view|articleNo=|boardNo=|nttNo=|idx=|no=\d+),장학|장학금|학자금|등록금|scholarship|tuition|fellowship,,true
ewha_048,ewha,8,119,418,631,,영어영문학부,department,이화여대 영어영문학부,https://english.ewha.ac.kr/english/notice/notice.do,https://english.ewha.ac.kr,tbody tr,a[href],a[href],"td:last-child, .date, .board-date, .wr_date",,,(mode=view|articleNo=|boardNo=|nttNo=|idx=|no=\d+),장학|장학금|학자금|등록금|scholarship|tuition|fellowship,,true
ewha_049,ewha,8,119,412,632,,중어중문학과,department,이화여대 중어중문학과,https://zhongwen.ewha.ac.kr/zhongwen/community/under-notice.do,https://zhongwen.ewha.ac.kr,tbody tr,a[href],a[href],"td:last-child, .date, .board-date, .wr_date",,,(mode=view|articleNo=|boardNo=|nttNo=|idx=|no=\d+),장학|장학금|학자금|등록금|scholarship|tuition|fellowship,,true
ewha_050,ewha,8,119,416,633,,철학과,department,이화여대 철학과,https://philos.ewha.ac.kr/philos/board/scholarship.do,https://philos.ewha.ac.kr,tbody tr,a[href],a[href],"td:last-child, .date, .board-date, .wr_date",,,(mode=view|articleNo=|boardNo=|nttNo=|idx=|no=\d+),장학|장학금|학자금|등록금|scholarship|tuition|fellowship,,true
ewha_051,ewha,8,121,430,643,,물리학과,department,이화여대 물리학과,https://physics.ewha.ac.kr/physics/board/undergraduate-board.do,https://physics.ewha.ac.kr,tbody tr,a[href],a[href],"td:last-child, .date, .board-date, .wr_date",,,(mode=view|articleNo=|boardNo=|nttNo=|idx=|no=\d+),장학|장학금|학자금|등록금|scholarship|tuition|fellowship,,true
ewha_052,ewha,8,121,432,644,,생명과학과,department,이화여대 생명과학과,https://biology.ewha.ac.kr/rcruit,https://biology.ewha.ac.kr,,a[href],,,,,,장학|장학금|학자금|등록금|scholarship|tuition|fellowship,,true
ewha_053,ewha,8,121,428,645,,수학과,department,이화여대 수학과,https://cmsfox.ewha.ac.kr/math/board/notice.do,https://cmsfox.ewha.ac.kr,tbody tr,a[href],a[href],"td:last-child, .date, .board-date, .wr_date",,,(mode=view|articleNo=|boardNo=|nttNo=|idx=|no=\d+),장학|장학금|학자금|등록금|scholarship|tuition|fellowship,,true
ewha_054,ewha,8,121,429,646,,통계학과,department,이화여대 통계학과,https://stat.ewha.ac.kr/statistics/board/notice.do,https://stat.ewha.ac.kr,tbody tr,a[href],a[href],"td:last-child, .date, .board-date, .wr_date",,,(mode=view|articleNo=|boardNo=|nttNo=|idx=|no=\d+),장학|장학금|학자금|등록금|scholarship|tuition|fellowship,,true
ewha_055,ewha,8,121,431,647,,화학·나노과학과,department,이화여대 화학·나노과학과,https://myr.ewha.ac.kr/chem/board/notice.do,https://myr.ewha.ac.kr,tbody tr,a[href],a[href],"td:last-child, .date, .board-date, .wr_date",,,(mode=view|articleNo=|boardNo=|nttNo=|idx=|no=\d+),장학|장학금|학자금|등록금|scholarship|tuition|fellowship,,true
ewha_056,ewha,8,132,481,690,,도자예술전공,department,이화여대 도자예술전공,https://artndesign.ewha.ac.kr/notice/,https://artndesign.ewha.ac.kr,.archive-item,.archive-link,h2,.archive-date,,,/notice/,장학|장학금|학자금|등록금|scholarship|tuition|fellowship,,true
ewha_057,ewha,8,130,471,682,,인공지능전공,department,이화여대 인공지능전공,https://ai.ewha.ac.kr/deptai/index.do,https://ai.ewha.ac.kr,tbody tr,a[href],a[href],"td:last-child, .date, .board-date, .wr_date",,,(mode=view|articleNo=|boardNo=|nttNo=|idx=|no=\d+),장학|장학금|학자금|등록금|scholarship|tuition|fellowship,,true
ewha_059,ewha,8,131,473,685,,관현악과,department,이화여대 관현악과,https://music.ewha.ac.kr/emusic/1512/subview.do,https://music.ewha.ac.kr,tbody tr,a[href],a[href],"td:last-child, .date, .board-date, .wr_date",,,(mode=view|articleNo=|boardNo=|nttNo=|idx=|no=\d+),장학|장학금|학자금|등록금|scholarship|tuition|fellowship,,true
ewha_060,ewha,8,131,477,686,,무용과,department,이화여대 무용과,https://music.ewha.ac.kr/emusic/1512/subview.do,https://music.ewha.ac.kr,tbody tr,a[href],a[href],"td:last-child, .date, .board-date, .wr_date",,,(mode=view|articleNo=|boardNo=|nttNo=|idx=|no=\d+),장학|장학금|학자금|등록금|scholarship|tuition|fellowship,,true
ewha_061,ewha,8,131,474,687,,성악과,department,이화여대 성악과,https://music.ewha.ac.kr/emusic/1512/subview.do,https://music.ewha.ac.kr,tbody tr,a[href],a[href],"td:last-child, .date, .board-date, .wr_date",,,(mode=view|articleNo=|boardNo=|nttNo=|idx=|no=\d+),장학|장학금|학자금|등록금|scholarship|tuition|fellowship,,true
ewha_062,ewha,8,131,475,688,,작곡과,department,이화여대 작곡과,https://music.ewha.ac.kr/emusic/1512/subview.do,https://music.ewha.ac.kr,tbody tr,a[href],a[href],"td:last-child, .date, .board-date, .wr_date",,,(mode=view|articleNo=|boardNo=|nttNo=|idx=|no=\d+),장학|장학금|학자금|등록금|scholarship|tuition|fellowship,,true
ewha_063,ewha,8,131,476,689,,한국음악과,department,이화여대 한국음악과,https://music.ewha.ac.kr/emusic/1512/subview.do,https://music.ewha.ac.kr,tbody tr,a[href],a[href],"td:last-child, .date, .board-date, .wr_date",,,(mode=view|articleNo=|boardNo=|nttNo=|idx=|no=\d+),장학|장학금|학자금|등록금|scholarship|tuition|fellowship,,true
ewha_064,ewha,8,128,465,675,,미래산업약학전공,department,이화여대 미래산업약학전공,https://pharm21.ewha.ac.kr/pharm21/notice-board/notice.do,https://pharm21.ewha.ac.kr,tbody tr,a[href],a[href],"td:last-child, .date, .board-date, .wr_date",,,(mode=view|articleNo=|boardNo=|nttNo=|idx=|no=\d+),장학|장학금|학자금|등록금|scholarship|tuition|fellowship,,true
ewha_065,ewha,8,129,466,679,,스크랜튼학부,department,이화여대 스크랜튼학부,https://scrantoncollege.ewha.ac.kr/scranton/notice-board/notice.do,https://scrantoncollege.ewha.ac.kr,tbody tr,a[href],a[href],"td:last-child, .date, .board-date, .wr_date",,,(mode=view|articleNo=|boardNo=|nttNo=|idx=|no=\d+),장학|장학금|학자금|등록금|scholarship|tuition|fellowship,,true
ewha_066,ewha,8,129,467,678,,뇌·인지과학부,department,이화여대 뇌·인지과학부,https://scrantoncollege.ewha.ac.kr/scranton/notice-board/notice.do,https://scrantoncollege.ewha.ac.kr,tbody tr,a[href],a[href],"td:last-child, .date, .board-date, .wr_date",,,(mode=view|articleNo=|boardNo=|nttNo=|idx=|no=\d+),장학|장학금|학자금|등록금|scholarship|tuition|fellowship,,true
ewha_067,ewha,8,132,478,691,,동양화전공,department,이화여대 동양화전공,https://artndesign.ewha.ac.kr/notice/,https://artndesign.ewha.ac.kr,.archive-item,.archive-link,h2,.archive-date,,,/notice/,장학|장학금|학자금|등록금|scholarship|tuition|fellowship,,true
ewha_068,ewha,8,132,479,693,,서양화전공,department,이화여대 서양화전공,https://artndesign.ewha.ac.kr/notice/,https://artndesign.ewha.ac.kr,.archive-item,.archive-link,h2,.archive-date,,,/notice/,장학|장학금|학자금|등록금|scholarship|tuition|fellowship,,true
ewha_069,ewha,8,132,480,695,,조소전공,department,이화여대 조소전공,https://artndesign.ewha.ac.kr/notice/,https://artndesign.ewha.ac.kr,.archive-item,.archive-link,h2,.archive-date,,,/notice/,장학|장학금|학자금|등록금|scholarship|tuition|fellowship,,true
ewha_070,ewha,8,132,483,694,,섬유예술전공,department,이화여대 섬유예술전공,https://artndesign.ewha.ac.kr/notice/,https://artndesign.ewha.ac.kr,.archive-item,.archive-link,h2,.archive-date,,,/notice/,장학|장학금|학자금|등록금|scholarship|tuition|fellowship,,true
ewha_071,ewha,8,132,484,696,,패션디자인전공,department,이화여대 패션디자인전공,https://artndesign.ewha.ac.kr/notice/,https://artndesign.ewha.ac.kr,.archive-item,.archive-link,h2,.archive-date,,,/notice/,장학|장학금|학자금|등록금|scholarship|tuition|fellowship,,true
ewha_072,ewha,8,132,482,692,,디자인학부,department,이화여대 디자인학부,https://artndesign.ewha.ac.kr/notice/,https://artndesign.ewha.ac.kr,.archive-item,.archive-link,h2,.archive-date,,,/notice/,장학|장학금|학자금|등록금|scholarship|tuition|fellowship,,true
hanyang_001,hanyang,7,105,367,581,,간호학과,department,한양대 간호학과,https://nursing.hanyang.ac.kr/front/noti/Notice,https://nursing.hanyang.ac.kr,,a[href],,,,,,장학|장학금|학자금|등록금|scholarship|tuition|fellowship,,true
hanyang_002,hanyang,7,111,385,599,,경영학부,department,한양대 경영학부,https://bizug.hanyang.ac.kr/-3,https://bizug.hanyang.ac.kr,,a[href],,,,,,장학|장학금|학자금|등록금|scholarship|tuition|fellowship,,true
hanyang_003,hanyang,7,111,386,600,,파이낸스경영학과,department,한양대 파이낸스경영학과,https://bizug.hanyang.ac.kr/-3,https://bizug.hanyang.ac.kr,,a[href],,,,,,장학|장학금|학자금|등록금|scholarship|tuition|fellowship,,true
hanyang_004,hanyang,7,110,384,598,,경제금융학부,department,한양대 경제금융학부,https://econ.hanyang.ac.kr/sub/sub05_01.php,https://econ.hanyang.ac.kr,,a[href],,,,,,장학|장학금|학자금|등록금|scholarship|tuition|fellowship,,true
hanyang_005,hanyang,7,103,346,558,,건설환경공학과,department,한양대 건설환경공학과,https://civil.hanyang.ac.kr/bbs/board.php?bo_table=sub6_1,https://civil.hanyang.ac.kr,,a[href],,,,,,장학|장학금|학자금|등록금|scholarship|tuition|fellowship,,true
hanyang_006,hanyang,7,103,345,559,,건축공학부,department,한양대 건축공학부,https://are.hanyang.ac.kr/announcement,https://are.hanyang.ac.kr,,a[href],,,,,,장학|장학금|학자금|등록금|scholarship|tuition|fellowship,,true
hanyang_007,hanyang,7,103,344,560,,건축학부(5년제),department,한양대 건축학부(5년제),https://hyuarchnotice.creatorlink.net/,https://hyuarchnotice.creatorlink.net,,a[href],,,,,,장학|장학금|학자금|등록금|scholarship|tuition|fellowship,,true
hanyang_008,hanyang,7,103,359,561,,기계공학부,department,한양대 기계공학부,https://me.hanyang.ac.kr/kor/notice/scholarship.html,https://me.hanyang.ac.kr,,a[href],,,,,,장학|장학금|학자금|등록금|scholarship|tuition|fellowship,,true
hanyang_009,hanyang,7,103,347,563,,도시공학과,department,한양대 도시공학과,https://hyurban.hanyang.ac.kr/?module=Board&action=SiteBoard&sMode=SELECT_FORM&iBrdNo=9,https://hyurban.hanyang.ac.kr,,a[href],,,,,,장학|장학금|학자금|등록금|scholarship|tuition|fellowship,,true
hanyang_010,hanyang,7,103,364,565,,반도체공학과,department,한양대 반도체공학과,https://semi.hanyang.ac.kr/community/notice.php,https://semi.hanyang.ac.kr,,a[href],,,,,,장학|장학금|학자금|등록금|scholarship|tuition|fellowship,,true
hanyang_011,hanyang,7,103,361,566,,산업공학과,department,한양대 산업공학과,https://ie.hanyang.ac.kr/index.php?hCode=BOARD&bo_idx=1,https://ie.hanyang.ac.kr,,a[href],,,,,,장학|장학금|학자금|등록금|scholarship|tuition|fellowship,,true
hanyang_012,hanyang,7,103,356,567,,생명공학과,department,한양대 생명공학과,https://bioeng.hanyang.ac.kr/,https://bioeng.hanyang.ac.kr,,a[href],,,,,,장학|장학금|학자금|등록금|scholarship|tuition|fellowship,,true
hanyang_013,hanyang,7,103,354,568,,신소재공학부,department,한양대 신소재공학부,https://mse.hanyang.ac.kr/index.php?hCode=BOARD&bo_idx=1,https://mse.hanyang.ac.kr,,a[href],,,,,,장학|장학금|학자금|등록금|scholarship|tuition|fellowship,,true
hanyang_014,hanyang,7,103,358,569,,에너지공학과,department,한양대 에너지공학과,https://energy.hanyang.ac.kr/modules/board/bd_list.html?id=notice&mc_code=1510,https://energy.hanyang.ac.kr,,a[href],,,,,,장학|장학금|학자금|등록금|scholarship|tuition|fellowship,,true
hanyang_015,hanyang,7,103,360,570,,원자력공학과,department,한양대 원자력공학과,https://nuclear.hanyang.ac.kr/boards/notice.php,https://nuclear.hanyang.ac.kr,,a[href],,,,,,장학|장학금|학자금|등록금|scholarship|tuition|fellowship,,true
hanyang_016,hanyang,7,103,357,571,,유기나노공학과,department,한양대 유기나노공학과,https://one.hanyang.ac.kr/bbs/board.php?bo_table=sub5_1&page=1,https://one.hanyang.ac.kr,,a[href],,,,,,장학|장학금|학자금|등록금|scholarship|tuition|fellowship,,true
hanyang_017,hanyang,7,103,349,572,,융합전자공학부,department,한양대 융합전자공학부,https://electronic.hanyang.ac.kr/kor/information/u_board.php,https://electronic.hanyang.ac.kr,,a[href],,,,,,장학|장학금|학자금|등록금|scholarship|tuition|fellowship,,true
hanyang_018,hanyang,7,103,348,573,,자원환경공학과,department,한양대 자원환경공학과,https://eree.hanyang.ac.kr/bbs/board.php?tbl=bbs51,https://eree.hanyang.ac.kr,,a[href],,,,,,장학|장학금|학자금|등록금|scholarship|tuition|fellowship,,true
hanyang_019,hanyang,7,103,353,574,,전기·생체공학부(바이오메디컬공학),department,한양대 전기·생체공학부(바이오메디컬공학),https://bme.hanyang.ac.kr/04_notice/board02.html,https://bme.hanyang.ac.kr,,a[href],,,,,,장학|장학금|학자금|등록금|scholarship|tuition|fellowship,,true
hanyang_020,hanyang,7,103,355,578,,화학공학과,department,한양대 화학공학과,https://chemeng.hanyang.ac.kr/bbs/board.php?bo_table=sub5_4,https://chemeng.hanyang.ac.kr,,a[href],,,,,,장학|장학금|학자금|등록금|scholarship|tuition|fellowship,,true
hanyang_021,hanyang,7,103,352,575,,전기·생체공학부(전기공학),department,한양대 전기·생체공학부(전기공학),https://ebe.hanyang.ac.kr/,https://ebe.hanyang.ac.kr,,a[href],,,,,,장학|장학금|학자금|등록금|scholarship|tuition|fellowship,,true
hanyang_022,hanyang,7,103,363,562,,데이터사이언스학과,department,한양대 데이터사이언스학과,https://hyds.hanyang.ac.kr/front/notice/unN?BoardArticleSearch%5Bcategory%5D=18,https://hyds.hanyang.ac.kr,,a[href],,,,,,장학|장학금|학자금|등록금|scholarship|tuition|fellowship,,true
hanyang_023,hanyang,7,103,351,576,,정보시스템학과,department,한양대 정보시스템학과,https://is.hanyang.ac.kr/notices?category=%ED%95%99%EA%B3%BC,https://is.hanyang.ac.kr,,a[href],,,,,,장학|장학금|학자금|등록금|scholarship|tuition|fellowship,hanyang_is,true
hanyang_024,hanyang,7,103,362,564,,미래자동차공학과,department,한양대 미래자동차공학과,https://ae.hanyang.ac.kr/-8?p_p_id=kr_ac_hanyang_bbs_web_portlet_BbsPortlet&p_p_lifecycle=0&p_p_state=normal&p_p_mode=view&_kr_ac_hanyang_bbs_web_portlet_BbsPortlet_action=view&_kr_ac_hanyang_bbs_web_portlet_BbsPortlet_sCategoryId=38228103&_kr_ac_hanyang_bbs_web_portlet_BbsPortlet_sDisplayType=1,https://ae.hanyang.ac.kr,,a[href],,,,,,장학|장학금|학자금|등록금|scholarship|tuition|fellowship,,true
hanyang_025,hanyang,7,103,350,577,,컴퓨터소프트웨어학부,department,한양대 컴퓨터소프트웨어학부,https://cs.hanyang.ac.kr/board/info_board.php?code=notice&category=0&searchopt=subject&searchkey=%C0%E5%C7%D0&x=0&y=0,https://cs.hanyang.ac.kr,,a[href],,,,,,장학|장학금|학자금|등록금|scholarship|tuition|fellowship,,true
hanyang_026,hanyang,7,116,407,622,,국제학부,department,한양대 국제학부,https://sis.hanyang.ac.kr/%EA%B3%B5%EC%A7%80%EC%82%AC%ED%95%AD-notice,https://sis.hanyang.ac.kr,,a[href],,,,,,장학|장학금|학자금|등록금|scholarship|tuition|fellowship,,true
hanyang_027,hanyang,7,112,388,601,,교육공학과,department,한양대 교육공학과,https://education.hanyang.ac.kr/front/notice/notice1,https://education.hanyang.ac.kr,,a[href],,,,,,장학|장학금|학자금|등록금|scholarship|tuition|fellowship,,true
hanyang_028,hanyang,7,112,387,602,,교육학과,department,한양대 교육학과,https://education.hanyang.ac.kr/front/notice/notice1,https://education.hanyang.ac.kr,,a[href],,,,,,장학|장학금|학자금|등록금|scholarship|tuition|fellowship,,true
hanyang_029,hanyang,7,112,389,603,,국어교육과,department,한양대 국어교육과,https://education.hanyang.ac.kr/front/notice/notice1,https://education.hanyang.ac.kr,,a[href],,,,,,장학|장학금|학자금|등록금|scholarship|tuition|fellowship,,true
hanyang_030,hanyang,7,112,391,604,,수학교육과,department,한양대 수학교육과,https://education.hanyang.ac.kr/front/notice/notice1,https://education.hanyang.ac.kr,,a[href],,,,,,장학|장학금|학자금|등록금|scholarship|tuition|fellowship,,true
hanyang_031,hanyang,7,112,390,605,,영어교육과,department,한양대 영어교육과,https://education.hanyang.ac.kr/front/notice/notice1,https://education.hanyang.ac.kr,,a[href],,,,,,장학|장학금|학자금|등록금|scholarship|tuition|fellowship,,true
hanyang_032,hanyang,7,112,392,606,,응용미술교육과,department,한양대 응용미술교육과,https://education.hanyang.ac.kr/front/notice/notice1,https://education.hanyang.ac.kr,,a[href],,,,,,장학|장학금|학자금|등록금|scholarship|tuition|fellowship,,true
hanyang_033,hanyang,7,107,377,588,,관광학부,department,한양대 관광학부,https://hytourism.hanyang.ac.kr/-6#none,https://hytourism.hanyang.ac.kr,,a[href],,,,,,장학|장학금|학자금|등록금|scholarship|tuition|fellowship,,true
hanyang_034,hanyang,7,107,376,589,,미디어커뮤니케이션학과,department,한양대 미디어커뮤니케이션학과,https://comm.hanyang.ac.kr/news2,https://comm.hanyang.ac.kr,,a[href],,,,,,장학|장학금|학자금|등록금|scholarship|tuition|fellowship,,true
hanyang_035,hanyang,7,107,375,590,,사회학과,department,한양대 사회학과,https://socio.hanyang.ac.kr/-18#none,https://socio.hanyang.ac.kr,,a[href],,,,,,장학|장학금|학자금|등록금|scholarship|tuition|fellowship,,true
hanyang_036,hanyang,7,107,374,591,,정치외교학과,department,한양대 정치외교학과,https://politics.hanyang.ac.kr/%EA%B3%B5%EC%A7%80%EC%82%AC%ED%95%AD,https://politics.hanyang.ac.kr,,a[href],,,,,,장학|장학금|학자금|등록금|scholarship|tuition|fellowship,,true
hanyang_037,hanyang,7,118,410,625,,산업융합학부,department,한양대 산업융합학부,https://siis.hanyang.ac.kr/-6,https://siis.hanyang.ac.kr,,a[href],,,,,,장학|장학금|학자금|등록금|scholarship|tuition|fellowship,,true
hanyang_038,hanyang,7,113,394,608,,식품영양학과,department,한양대 식품영양학과,https://fn.hanyang.ac.kr/-7,https://fn.hanyang.ac.kr,,a[href],,,,,,장학|장학금|학자금|등록금|scholarship|tuition|fellowship,,true
hanyang_039,hanyang,7,113,395,609,,실내건축디자인학과,department,한양대 실내건축디자인학과,https://interior.hanyang.ac.kr/-13,https://interior.hanyang.ac.kr,,a[href],,,,,,장학|장학금|학자금|등록금|scholarship|tuition|fellowship,,true
hanyang_040,hanyang,7,113,393,610,,의류학과,department,한양대 의류학과,https://fashion.hanyang.ac.kr/notice,https://fashion.hanyang.ac.kr,,a[href],,,,,,장학|장학금|학자금|등록금|scholarship|tuition|fellowship,,true
hanyang_041,hanyang,7,113,920,607,,기능성식품학과,department,한양대 기능성식품학과,https://funfood.hanyang.ac.kr/bbs/board.php?bo_table=notice,https://funfood.hanyang.ac.kr,,a[href],,,,,,장학|장학금|학자금|등록금|scholarship|tuition|fellowship,,true
hanyang_042,hanyang,7,115,406,616,,무용학과,department,한양대 무용학과,https://copas.hanyang.ac.kr/front/community/notice,https://copas.hanyang.ac.kr,,a[href],,,,,,장학|장학금|학자금|등록금|scholarship|tuition|fellowship,,true
hanyang_043,hanyang,7,115,401,617,,스포츠산업과학부(스포츠매니지먼트),department,한양대 스포츠산업과학부(스포츠매니지먼트),https://copas.hanyang.ac.kr/front/community/notice,https://copas.hanyang.ac.kr,,a[href],,,,,,장학|장학금|학자금|등록금|scholarship|tuition|fellowship,,true
hanyang_044,hanyang,7,115,402,618,,스포츠산업과학부(스포츠사이언스),department,한양대 스포츠산업과학부(스포츠사이언스),https://copas.hanyang.ac.kr/front/community/notice,https://copas.hanyang.ac.kr,,a[href],,,,,,장학|장학금|학자금|등록금|scholarship|tuition|fellowship,,true
hanyang_045,hanyang,7,115,405,619,,연극영화학과(연기),department,한양대 연극영화학과(연기),https://copas.hanyang.ac.kr/front/community/notice,https://copas.hanyang.ac.kr,,a[href],,,,,,장학|장학금|학자금|등록금|scholarship|tuition|fellowship,,true
hanyang_046,hanyang,7,115,404,620,,연극영화학과(연출및스탭),department,한양대 연극영화학과(연출및스탭),https://copas.hanyang.ac.kr/front/community/notice,https://copas.hanyang.ac.kr,,a[href],,,,,,장학|장학금|학자금|등록금|scholarship|tuition|fellowship,,true
hanyang_047,hanyang,7,115,403,621,,연극영화학과(영화),department,한양대 연극영화학과(영화),https://copas.hanyang.ac.kr/front/community/notice,https://copas.hanyang.ac.kr,,a[href],,,,,,장학|장학금|학자금|등록금|scholarship|tuition|fellowship,,true
hanyang_048,hanyang,7,114,399,611,,관현악과,department,한양대 관현악과,https://music.hanyang.ac.kr/%EC%9D%BC%EB%B0%98%EA%B3%B5%EC%A7%80,https://music.hanyang.ac.kr,,a[href],,,,,,장학|장학금|학자금|등록금|scholarship|tuition|fellowship,,true
hanyang_049,hanyang,7,114,400,612,,국악과,department,한양대 국악과,https://music.hanyang.ac.kr/%EC%9D%BC%EB%B0%98%EA%B3%B5%EC%A7%80,https://music.hanyang.ac.kr,,a[href],,,,,,장학|장학금|학자금|등록금|scholarship|tuition|fellowship,,true
hanyang_050,hanyang,7,114,396,613,,성악과,department,한양대 성악과,https://music.hanyang.ac.kr/%EC%9D%BC%EB%B0%98%EA%B3%B5%EC%A7%80,https://music.hanyang.ac.kr,,a[href],,,,,,장학|장학금|학자금|등록금|scholarship|tuition|fellowship,,true
hanyang_051,hanyang,7,114,397,614,,작곡과,department,한양대 작곡과,https://music.hanyang.ac.kr/%EC%9D%BC%EB%B0%98%EA%B3%B5%EC%A7%80,https://music.hanyang.ac.kr,,a[href],,,,,,장학|장학금|학자금|등록금|scholarship|tuition|fellowship,,true
hanyang_052,hanyang,7,114,398,615,,피아노과,department,한양대 피아노과,https://music.hanyang.ac.kr/%EC%9D%BC%EB%B0%98%EA%B3%B5%EC%A7%80,https://music.hanyang.ac.kr,,a[href],,,,,,장학|장학금|학자금|등록금|scholarship|tuition|fellowship,,true
hanyang_053,hanyang,7,104,365,579,,의예과,department,한양대 의예과,https://medix.hanyang.ac.kr/-05-1,https://medix.hanyang.ac.kr,,a[href],,,,,,장학|장학금|학자금|등록금|scholarship|tuition|fellowship,,true
hanyang_054,hanyang,7,104,366,580,,의학과,department,한양대 의학과,https://medix.hanyang.ac.kr/-05-1,https://medix.hanyang.ac.kr,,a[href],,,,,,장학|장학금|학자금|등록금|scholarship|tuition|fellowship,,true
hanyang_055,hanyang,7,106,368,582,,국어국문학과,department,한양대 국어국문학과,https://humanities.hanyang.ac.kr/-03-1?p_p_id=kr_ac_hanyang_bbs_web_portlet_BbsPortlet&p_p_lifecycle=0&p_p_state=normal&p_p_mode=view&_kr_ac_hanyang_bbs_web_portlet_BbsPortlet_action=view&_kr_ac_hanyang_bbs_web_portlet_BbsPortlet_sCategoryId=142315907&_kr_ac_hanyang_bbs_web_portlet_BbsPortlet_sDisplayType=1,https://humanities.hanyang.ac.kr,,a[href],,,,,,장학|장학금|학자금|등록금|scholarship|tuition|fellowship,,true
hanyang_056,hanyang,7,106,371,583,,독어독문학과,department,한양대 독어독문학과,https://humanities.hanyang.ac.kr/-03-1?p_p_id=kr_ac_hanyang_bbs_web_portlet_BbsPortlet&p_p_lifecycle=0&p_p_state=normal&p_p_mode=view&_kr_ac_hanyang_bbs_web_portlet_BbsPortlet_action=view&_kr_ac_hanyang_bbs_web_portlet_BbsPortlet_sCategoryId=142315907&_kr_ac_hanyang_bbs_web_portlet_BbsPortlet_sDisplayType=1,https://humanities.hanyang.ac.kr,,a[href],,,,,,장학|장학금|학자금|등록금|scholarship|tuition|fellowship,,true
hanyang_057,hanyang,7,106,372,584,,사학과,department,한양대 사학과,https://humanities.hanyang.ac.kr/-03-1?p_p_id=kr_ac_hanyang_bbs_web_portlet_BbsPortlet&p_p_lifecycle=0&p_p_state=normal&p_p_mode=view&_kr_ac_hanyang_bbs_web_portlet_BbsPortlet_action=view&_kr_ac_hanyang_bbs_web_portlet_BbsPortlet_sCategoryId=142315907&_kr_ac_hanyang_bbs_web_portlet_BbsPortlet_sDisplayType=1,https://humanities.hanyang.ac.kr,,a[href],,,,,,장학|장학금|학자금|등록금|scholarship|tuition|fellowship,,true
hanyang_058,hanyang,7,106,370,585,,영어영문학과,department,한양대 영어영문학과,https://humanities.hanyang.ac.kr/-03-1?p_p_id=kr_ac_hanyang_bbs_web_portlet_BbsPortlet&p_p_lifecycle=0&p_p_state=normal&p_p_mode=view&_kr_ac_hanyang_bbs_web_portlet_BbsPortlet_action=view&_kr_ac_hanyang_bbs_web_portlet_BbsPortlet_sCategoryId=142315907&_kr_ac_hanyang_bbs_web_portlet_BbsPortlet_sDisplayType=1,https://humanities.hanyang.ac.kr,,a[href],,,,,,장학|장학금|학자금|등록금|scholarship|tuition|fellowship,,true
hanyang_059,hanyang,7,106,369,586,,중어중문학과,department,한양대 중어중문학과,https://humanities.hanyang.ac.kr/-03-1?p_p_id=kr_ac_hanyang_bbs_web_portlet_BbsPortlet&p_p_lifecycle=0&p_p_state=normal&p_p_mode=view&_kr_ac_hanyang_bbs_web_portlet_BbsPortlet_action=view&_kr_ac_hanyang_bbs_web_portlet_BbsPortlet_sCategoryId=142315907&_kr_ac_hanyang_bbs_web_portlet_BbsPortlet_sDisplayType=1,https://humanities.hanyang.ac.kr,,a[href],,,,,,장학|장학금|학자금|등록금|scholarship|tuition|fellowship,,true
hanyang_060,hanyang,7,106,373,587,,철학과,department,한양대 철학과,https://humanities.hanyang.ac.kr/-03-1?p_p_id=kr_ac_hanyang_bbs_web_portlet_BbsPortlet&p_p_lifecycle=0&p_p_state=normal&p_p_mode=view&_kr_ac_hanyang_bbs_web_portlet_BbsPortlet_action=view&_kr_ac_hanyang_bbs_web_portlet_BbsPortlet_sCategoryId=142315907&_kr_ac_hanyang_bbs_web_portlet_BbsPortlet_sDisplayType=1,https://humanities.hanyang.ac.kr,,a[href],,,,,,장학|장학금|학자금|등록금|scholarship|tuition|fellowship,,true
hanyang_061,hanyang,7,108,379,592,,물리학과,department,한양대 물리학과,https://physics.hanyang.ac.kr/announcements,https://physics.hanyang.ac.kr,,a[href],,,,,,장학|장학금|학자금|등록금|scholarship|tuition|fellowship,,true
hanyang_062,hanyang,7,108,381,593,,생명과학과,department,한양대 생명과학과,https://lifescience.hanyang.ac.kr/-20,https://lifescience.hanyang.ac.kr,,a[href],,,,,,장학|장학금|학자금|등록금|scholarship|tuition|fellowship,,true
hanyang_063,hanyang,7,108,378,594,,수학과,department,한양대 수학과,https://math.hanyang.ac.kr/%EA%B3%B5%EC%A7%80%EC%82%AC%ED%95%AD,https://math.hanyang.ac.kr,,a[href],,,,,,장학|장학금|학자금|등록금|scholarship|tuition|fellowship,,true
hanyang_064,hanyang,7,108,380,595,,화학과,department,한양대 화학과,https://chem.hanyang.ac.kr/%ED%95%99%EB%B6%80-%EA%B3%B5%EC%A7%80%EC%82%AC%ED%95%AD,https://chem.hanyang.ac.kr,,a[href],,,,,,장학|장학금|학자금|등록금|scholarship|tuition|fellowship,,true
hanyang_065,hanyang,7,109,382,596,,정책학과,department,한양대 정책학과,https://hypolicy.hanyang.ac.kr/front/community/notice?BoardArticleSearch%5Bkeyword%5D=,https://hypolicy.hanyang.ac.kr,,a[href],,,,,,장학|장학금|학자금|등록금|scholarship|tuition|fellowship,,true
hanyang_066,hanyang,7,109,383,597,,행정학과,department,한양대 행정학과,https://hypa.hanyang.ac.kr/front/major/major-notice,https://hypa.hanyang.ac.kr,,a[href],,,,,,장학|장학금|학자금|등록금|scholarship|tuition|fellowship,,true
hanyang_067,hanyang,7,117,408,623,,한양인터칼리지학부(인문),department,한양대 한양인터칼리지학부(인문),https://intercollege.hanyang.ac.kr/05_notice/notice01.html,https://intercollege.hanyang.ac.kr,,a[href],,,,,,장학|장학금|학자금|등록금|scholarship|tuition|fellowship,,true
hanyang_068,hanyang,7,117,409,624,,한양인터칼리지학부(자연),department,한양대 한양인터칼리지학부(자연),https://intercollege.hanyang.ac.kr/05_notice/notice01.html,https://intercollege.hanyang.ac.kr,,a[href],,,,,,장학|장학금|학자금|등록금|scholarship|tuition|fellowship,,true
hongik_001,hongik,14,212,,1126,,건축학부,department,홍익대 건축학부,https://arch.hongik.ac.kr/kor/news/notice.php,https://arch.hongik.ac.kr,,a[href],,,,,,장학|장학금|학자금|등록금|scholarship|tuition|fellowship,,true
hongik_002,hongik,14,212,876,1088,,도시공학과,department,홍익대 도시공학과,https://arch.hongik.ac.kr/kor/news/notice.php,https://arch.hongik.ac.kr,,a[href],,,,,,장학|장학금|학자금|등록금|scholarship|tuition|fellowship,,true
hongik_003,hongik,14,214,882,1095,,경영학부,department,홍익대 경영학부,https://bizadmin.hongik.ac.kr/bizadmin/0401.do?mode=list,https://bizadmin.hongik.ac.kr,tbody tr,a[href],a[href],"td:last-child, .date, .board-date, .wr_date",,,(mode=view|articleNo=|boardNo=|nttNo=|idx=|no=\d+),장학|장학금|학자금|등록금|scholarship|tuition|fellowship,,true
hongik_004,hongik,14,217,888,1101,,경제학부,department,홍익대 경제학부,https://economics.hongik.ac.kr/economics/0401.do?mode=list,https://economics.hongik.ac.kr,tbody tr,a[href],a[href],"td:last-child, .date, .board-date, .wr_date",,,(mode=view|articleNo=|boardNo=|nttNo=|idx=|no=\d+),장학|장학금|학자금|등록금|scholarship|tuition|fellowship,,true
hongik_005,hongik,14,211,870,1084,,신소재화공시스템공학부(화학공학전공),department,홍익대 신소재화공시스템공학부(화학공학전공),https://chemeng.hongik.ac.kr/chemeng/sub/0401.do?mode=list,https://chemeng.hongik.ac.kr,tbody tr,a[href],a[href],"td:last-child, .date, .board-date, .wr_date",,,(mode=view|articleNo=|boardNo=|nttNo=|idx=|no=\d+),장학|장학금|학자금|등록금|scholarship|tuition|fellowship,,true
hongik_006,hongik,14,211,870,1084,,신소재화공시스템공학부(신소재공학전공),department,홍익대 신소재화공시스템공학부(신소재공학전공),https://mse.hongik.ac.kr/mse/0501.do?mode=list,https://mse.hongik.ac.kr,tbody tr,a[href],a[href],"td:last-child, .date, .board-date, .wr_date",,,(mode=view|articleNo=|boardNo=|nttNo=|idx=|no=\d+),장학|장학금|학자금|등록금|scholarship|tuition|fellowship,,true
hongik_007,hongik,14,211,872,1083,,산업·데이터공학과,department,홍익대 산업·데이터공학과,https://ie.hongik.ac.kr/ie/0401.do?mode=list,https://ie.hongik.ac.kr,tbody tr,a[href],a[href],"td:last-child, .date, .board-date, .wr_date",,,(mode=view|articleNo=|boardNo=|nttNo=|idx=|no=\d+),장학|장학금|학자금|등록금|scholarship|tuition|fellowship,,true
hongik_008,hongik,14,211,873,1082,,기계시스템디자인공학과,department,홍익대 기계시스템디자인공학과,https://me.hongik.ac.kr/me/0701.do?mode=list,https://me.hongik.ac.kr,tbody tr,a[href],a[href],"td:last-child, .date, .board-date, .wr_date",,,(mode=view|articleNo=|boardNo=|nttNo=|idx=|no=\d+),장학|장학금|학자금|등록금|scholarship|tuition|fellowship,,true
hongik_009,hongik,14,211,869,1085,,전자전기공학부,department,홍익대 전자전기공학부,https://ee.hongik.ac.kr/ee/0501.do?mode=list,https://ee.hongik.ac.kr,tbody tr,a[href],a[href],"td:last-child, .date, .board-date, .wr_date",,,(mode=view|articleNo=|boardNo=|nttNo=|idx=|no=\d+),장학|장학금|학자금|등록금|scholarship|tuition|fellowship,,true
hongik_010,hongik,14,211,871,1086,,컴퓨터공학과,department,홍익대 컴퓨터공학과,https://wwwce.hongik.ac.kr/wwwce/0401.do?mode=list,https://wwwce.hongik.ac.kr,tbody tr,a[href],a[href],"td:last-child, .date, .board-date, .wr_date",,,(mode=view|articleNo=|boardNo=|nttNo=|idx=|no=\d+),장학|장학금|학자금|등록금|scholarship|tuition|fellowship,,true
hongik_011,hongik,14,211,921,1081,,건설환경공학과,department,홍익대 건설환경공학과,https://civil.hongik.ac.kr/civil/0401.do?mode=list,https://civil.hongik.ac.kr,tbody tr,a[href],a[href],"td:last-child, .date, .board-date, .wr_date",,,(mode=view|articleNo=|boardNo=|nttNo=|idx=|no=\d+),장학|장학금|학자금|등록금|scholarship|tuition|fellowship,,true
hongik_012,hongik,14,219,900,1113,,공연예술학부(뮤지컬전공),department,홍익대 공연예술학부(뮤지컬전공),https://musical.hongik.ac.kr/musical/0501.do?mode=list&srStartDt=&srEndDt=&srSearchKey=article_title&srSearchVal=%EC%9E%A5%ED%95%99,https://musical.hongik.ac.kr,tbody tr,a[href],a[href],"td:last-child, .date, .board-date, .wr_date",,,(mode=view|articleNo=|boardNo=|nttNo=|idx=|no=\d+),장학|장학금|학자금|등록금|scholarship|tuition|fellowship,,true
hongik_013,hongik,14,219,901,1114,,공연예술학부(실용음악전공),department,홍익대 공연예술학부(실용음악전공),https://music.hongik.ac.kr/music/0501.do,https://music.hongik.ac.kr,tbody tr,a[href],a[href],"td:last-child, .date, .board-date, .wr_date",,,(mode=view|articleNo=|boardNo=|nttNo=|idx=|no=\d+),장학|장학금|학자금|등록금|scholarship|tuition|fellowship,,true
hongik_014,hongik,14,220,902,1115,,디자인경영전공,department,홍익대 디자인경영전공,https://iim.hongik.ac.kr/iim/0401.do?mode=list,https://iim.hongik.ac.kr,tbody tr,a[href],a[href],"td:last-child, .date, .board-date, .wr_date",,,(mode=view|articleNo=|boardNo=|nttNo=|idx=|no=\d+),장학|장학금|학자금|등록금|scholarship|tuition|fellowship,,true
hongik_015,hongik,14,220,902,1115,,예술경영전공,department,홍익대 예술경영전공,https://iim.hongik.ac.kr/iim/0401.do?mode=list,https://iim.hongik.ac.kr,tbody tr,a[href],a[href],"td:last-child, .date, .board-date, .wr_date",,,(mode=view|articleNo=|boardNo=|nttNo=|idx=|no=\d+),장학|장학금|학자금|등록금|scholarship|tuition|fellowship,,true
hongik_016,hongik,14,215,886,1096,,국어국문학과,department,홍익대 국어국문학과,https://hkorean.hongik.ac.kr/hkorean/0401.do?mode=list,https://hkorean.hongik.ac.kr,tbody tr,a[href],a[href],"td:last-child, .date, .board-date, .wr_date",,,(mode=view|articleNo=|boardNo=|nttNo=|idx=|no=\d+),장학|장학금|학자금|등록금|scholarship|tuition|fellowship,,true
hongik_017,hongik,14,215,883,1099,,영어영문학과,department,홍익대 영어영문학과,https://english.hongik.ac.kr/english/0401.do?mode=list,https://english.hongik.ac.kr,tbody tr,a[href],a[href],"td:last-child, .date, .board-date, .wr_date",,,(mode=view|articleNo=|boardNo=|nttNo=|idx=|no=\d+),장학|장학금|학자금|등록금|scholarship|tuition|fellowship,,true
hongik_018,hongik,14,215,884,1097,,독어독문학과,department,홍익대 독어독문학과,https://german.hongik.ac.kr/german/0401.do?mode=list,https://german.hongik.ac.kr,tbody tr,a[href],a[href],"td:last-child, .date, .board-date, .wr_date",,,(mode=view|articleNo=|boardNo=|nttNo=|idx=|no=\d+),장학|장학금|학자금|등록금|scholarship|tuition|fellowship,,true
hongik_019,hongik,14,215,885,1098,,불어불문학과,department,홍익대 불어불문학과,https://france.hongik.ac.kr/france/0401.do?mode=list,https://france.hongik.ac.kr,tbody tr,a[href],a[href],"td:last-child, .date, .board-date, .wr_date",,,(mode=view|articleNo=|boardNo=|nttNo=|idx=|no=\d+),장학|장학금|학자금|등록금|scholarship|tuition|fellowship,,true
hongik_020,hongik,14,218,892,1111,,판화과,department,홍익대 판화과,https://cfa.hongik.ac.kr/front/boardlist.do?bbsConfigFK=1&searchLowItem=22,https://cfa.hongik.ac.kr,.layout190530091445 > a.item,a[href],.title,.date,,,boardview\.do\?.*pkid=\d+,장학|장학금|학자금|등록금|scholarship|tuition|fellowship,,true
hongik_021,hongik,14,218,894,1105,,디자인학부(국제디자인전공),department,홍익대 디자인학부(국제디자인전공),https://cfa.hongik.ac.kr/front/boardlist.do?bbsConfigFK=1&searchLowItem=22,https://cfa.hongik.ac.kr,.layout190530091445 > a.item,a[href],.title,.date,,,boardview\.do\?.*pkid=\d+,장학|장학금|학자금|등록금|scholarship|tuition|fellowship,,true
hongik_022,hongik,14,218,898,1108,,섬유미술·패션디자인과,department,홍익대 섬유미술·패션디자인과,https://cfa.hongik.ac.kr/front/boardlist.do?bbsConfigFK=1&searchLowItem=22,https://cfa.hongik.ac.kr,.layout190530091445 > a.item,a[href],.title,.date,,,boardview\.do\?.*pkid=\d+,장학|장학금|학자금|등록금|scholarship|tuition|fellowship,,true
hongik_023,hongik,14,218,891,1112,,회화과,department,홍익대 회화과,https://cfa.hongik.ac.kr/front/boardlist.do?bbsConfigFK=1&searchLowItem=22,https://cfa.hongik.ac.kr,.layout190530091445 > a.item,a[href],.title,.date,,,boardview\.do\?.*pkid=\d+,장학|장학금|학자금|등록금|scholarship|tuition|fellowship,,true
hongik_024,hongik,14,218,894,1105,,디자인학부(시각디자인전공),department,홍익대 디자인학부(시각디자인전공),https://cfa.hongik.ac.kr/front/boardlist.do?bbsConfigFK=1&searchLowItem=22,https://cfa.hongik.ac.kr,.layout190530091445 > a.item,a[href],.title,.date,,,boardview\.do\?.*pkid=\d+,장학|장학금|학자금|등록금|scholarship|tuition|fellowship,,true
hongik_025,hongik,14,218,896,1103,,도예·유리과,department,홍익대 도예·유리과,https://cfa.hongik.ac.kr/front/boardlist.do?bbsConfigFK=1&searchLowItem=22,https://cfa.hongik.ac.kr,.layout190530091445 > a.item,a[href],.title,.date,,,boardview\.do\?.*pkid=\d+,장학|장학금|학자금|등록금|scholarship|tuition|fellowship,,true
hongik_026,hongik,14,218,889,1109,,예술학과,department,홍익대 예술학과,https://art.hongik.ac.kr/art/0401.do?mode=list,https://art.hongik.ac.kr,tbody tr,a[href],a[href],"td:last-child, .date, .board-date, .wr_date",,,(mode=view|articleNo=|boardNo=|nttNo=|idx=|no=\d+),장학|장학금|학자금|등록금|scholarship|tuition|fellowship,,true
hongik_027,hongik,14,218,894,1105,,디자인학부(산업디자인전공),department,홍익대 디자인학부(산업디자인전공),https://cfa.hongik.ac.kr/front/boardlist.do?bbsConfigFK=1&searchLowItem=22,https://cfa.hongik.ac.kr,.layout190530091445 > a.item,a[href],.title,.date,,,boardview\.do\?.*pkid=\d+,장학|장학금|학자금|등록금|scholarship|tuition|fellowship,,true
hongik_028,hongik,14,218,894,1105,,디자인학부(영상·애니메이션전공),department,홍익대 디자인학부(영상·애니메이션전공),https://cfa.hongik.ac.kr/front/boardlist.do?bbsConfigFK=1&searchLowItem=22,https://cfa.hongik.ac.kr,.layout190530091445 > a.item,a[href],.title,.date,,,boardview\.do\?.*pkid=\d+,장학|장학금|학자금|등록금|scholarship|tuition|fellowship,,true
hongik_029,hongik,14,218,893,1110,,조소과,department,홍익대 조소과,https://cfa.hongik.ac.kr/front/boardlist.do?bbsConfigFK=1&searchLowItem=22,https://cfa.hongik.ac.kr,.layout190530091445 > a.item,a[href],.title,.date,,,boardview\.do\?.*pkid=\d+,장학|장학금|학자금|등록금|scholarship|tuition|fellowship,,true
hongik_030,hongik,14,218,895,1102,,금속조형디자인과,department,홍익대 금속조형디자인과,https://cfa.hongik.ac.kr/front/boardlist.do?bbsConfigFK=1&searchLowItem=22,https://cfa.hongik.ac.kr,.layout190530091445 > a.item,a[href],.title,.date,,,boardview\.do\?.*pkid=\d+,장학|장학금|학자금|등록금|scholarship|tuition|fellowship,,true
hongik_031,hongik,14,218,897,1106,,목조형가구학과,department,홍익대 목조형가구학과,https://cfa.hongik.ac.kr/front/boardlist.do?bbsConfigFK=1&searchLowItem=22,https://cfa.hongik.ac.kr,.layout190530091445 > a.item,a[href],.title,.date,,,boardview\.do\?.*pkid=\d+,장학|장학금|학자금|등록금|scholarship|tuition|fellowship,,true
hongik_032,hongik,14,216,887,1100,,법학부,department,홍익대 법학부,https://law.hongik.ac.kr/law/0401.do?mode=list,https://law.hongik.ac.kr,tbody tr,a[href],a[href],"td:last-child, .date, .board-date, .wr_date",,,(mode=view|articleNo=|boardNo=|nttNo=|idx=|no=\d+),장학|장학금|학자금|등록금|scholarship|tuition|fellowship,,true
hongik_033,hongik,14,213,878,1091,,국어교육과,department,홍익대 국어교육과,https://koredu.hongik.ac.kr/koredu/0401.do?mode=list,https://koredu.hongik.ac.kr,tbody tr,a[href],a[href],"td:last-child, .date, .board-date, .wr_date",,,(mode=view|articleNo=|boardNo=|nttNo=|idx=|no=\d+),장학|장학금|학자금|등록금|scholarship|tuition|fellowship,,true
hongik_034,hongik,14,213,880,1093,,역사교육과,department,홍익대 역사교육과,https://hisedu.hongik.ac.kr/hisedu/0401.do?mode=list,https://hisedu.hongik.ac.kr,tbody tr,a[href],a[href],"td:last-child, .date, .board-date, .wr_date",,,(mode=view|articleNo=|boardNo=|nttNo=|idx=|no=\d+),장학|장학금|학자금|등록금|scholarship|tuition|fellowship,,true
hongik_035,hongik,14,213,881,1090,,교육학과,department,홍익대 교육학과,https://edu.hongik.ac.kr/edu/0401.do?mode=list,https://edu.hongik.ac.kr,tbody tr,a[href],a[href],"td:last-child, .date, .board-date, .wr_date",,,(mode=view|articleNo=|boardNo=|nttNo=|idx=|no=\d+),장학|장학금|학자금|등록금|scholarship|tuition|fellowship,,true
hongik_036,hongik,14,213,879,1094,,영어교육과,department,홍익대 영어교육과,https://engedu.hongik.ac.kr/engedu/0401.do?mode=list,https://engedu.hongik.ac.kr,tbody tr,a[href],a[href],"td:last-child, .date, .board-date, .wr_date",,,(mode=view|articleNo=|boardNo=|nttNo=|idx=|no=\d+),장학|장학금|학자금|등록금|scholarship|tuition|fellowship,,true
hongik_037,hongik,14,213,877,1092,,수학교육과,department,홍익대 수학교육과,https://math.hongik.ac.kr/math/0401.do?mode=list,https://math.hongik.ac.kr,tbody tr,a[href],a[href],"td:last-child, .date, .board-date, .wr_date",,,(mode=view|articleNo=|boardNo=|nttNo=|idx=|no=\d+),장학|장학금|학자금|등록금|scholarship|tuition|fellowship,,true
hongik_038,hongik,14,210,,203,,서울캠퍼스 자율전공,department,홍익대 서울캠퍼스 자율전공,https://fm.hongik.ac.kr/fm/0401.do,https://fm.hongik.ac.kr,tbody tr,a[href],a[href],"td:last-child, .date, .board-date, .wr_date",,,(mode=view|articleNo=|boardNo=|nttNo=|idx=|no=\d+),장학|장학금|학자금|등록금|scholarship|tuition|fellowship,,true
khu_001,khu,10,167,648,859,,간호학과,department,경희대 간호학과,https://nursing.khu.ac.kr/nursing_kor/user/bbs/BMSR00040/list.do?menuNo=19300048,https://nursing.khu.ac.kr,tbody tr,a[href],a[href],"td:last-child, .date, .board-date, .wr_date",,,(mode=view|articleNo=|boardNo=|nttNo=|idx=|no=\d+),장학|장학금|학자금|등록금|scholarship|tuition|fellowship,,true
khu_002,khu,10,154,594,805,,경영학과,department,경희대 경영학과,https://kbiz.khu.ac.kr/biz_kor/user/bbs/BMSR00040/list.do?menuNo=14500161,https://kbiz.khu.ac.kr,tbody tr,a[href],a[href],"td:last-child, .date, .board-date, .wr_date",,,(mode=view|articleNo=|boardNo=|nttNo=|idx=|no=\d+),장학|장학금|학자금|등록금|scholarship|tuition|fellowship,,true
khu_003,khu,10,154,596,806,,빅데이터응용학과,department,경희대 빅데이터응용학과,https://kbiz.khu.ac.kr/biz_kor/user/bbs/BMSR00040/list.do?menuNo=14500161,https://kbiz.khu.ac.kr,tbody tr,a[href],a[href],"td:last-child, .date, .board-date, .wr_date",,,(mode=view|articleNo=|boardNo=|nttNo=|idx=|no=\d+),장학|장학금|학자금|등록금|scholarship|tuition|fellowship,,true
khu_004,khu,10,154,595,807,,회계학과,department,경희대 회계학과,https://kbiz.khu.ac.kr/biz_kor/user/bbs/BMSR00040/list.do?menuNo=14500161,https://kbiz.khu.ac.kr,tbody tr,a[href],a[href],"td:last-child, .date, .board-date, .wr_date",,,(mode=view|articleNo=|boardNo=|nttNo=|idx=|no=\d+),장학|장학금|학자금|등록금|scholarship|tuition|fellowship,,true
khu_005,khu,10,158,622,826,,건축공학과,department,경희대 건축공학과,https://archieng.khu.ac.kr/archieng/user/bbs/BMSR00040/list.do?menuNo=17900016,https://archieng.khu.ac.kr,tbody tr,a[href],a[href],"td:last-child, .date, .board-date, .wr_date",,,(mode=view|articleNo=|boardNo=|nttNo=|idx=|no=\d+),장학|장학금|학자금|등록금|scholarship|tuition|fellowship,,true
khu_006,khu,10,158,624,827,,건축학과(5년제),department,경희대 건축학과(5년제),https://archi.khu.ac.kr/archi/user/bbs/BMSR00040/list.do?menuNo=18100018,https://archi.khu.ac.kr,tbody tr,a[href],a[href],"td:last-child, .date, .board-date, .wr_date",,,(mode=view|articleNo=|boardNo=|nttNo=|idx=|no=\d+),장학|장학금|학자금|등록금|scholarship|tuition|fellowship,,true
khu_007,khu,10,158,614,828,,기계공학과,department,경희대 기계공학과,https://me.khu.ac.kr/me/user/bbs/BMSR00040/list.do?menuNo=17300015,https://me.khu.ac.kr,tbody tr,a[href],a[href],"td:last-child, .date, .board-date, .wr_date",,,(mode=view|articleNo=|boardNo=|nttNo=|idx=|no=\d+),장학|장학금|학자금|등록금|scholarship|tuition|fellowship,,true
khu_008,khu,10,158,617,830,,산업경영공학과,department,경희대 산업경영공학과,https://ie.khu.ac.kr/ie/user/bbs/BMSR00040/list.do?menuNo=17400015,https://ie.khu.ac.kr,tbody tr,a[href],a[href],"td:last-child, .date, .board-date, .wr_date",,,(mode=view|articleNo=|boardNo=|nttNo=|idx=|no=\d+),장학|장학금|학자금|등록금|scholarship|tuition|fellowship,,true
khu_009,khu,10,158,618,832,,원자력공학과,department,경희대 원자력공학과,https://ne.khu.ac.kr/ne/user/bbs/BMSR00040/list.do?menuNo=17500023,https://ne.khu.ac.kr,tbody tr,a[href],a[href],"td:last-child, .date, .board-date, .wr_date",,,(mode=view|articleNo=|boardNo=|nttNo=|idx=|no=\d+),장학|장학금|학자금|등록금|scholarship|tuition|fellowship,,true
khu_010,khu,10,158,619,834,,화학공학과,department,경희대 화학공학과,https://chemeng.khu.ac.kr/chemeng/user/bbs/BMSR00040/list.do?menuNo=17600017,https://chemeng.khu.ac.kr,tbody tr,a[href],a[href],"td:last-child, .date, .board-date, .wr_date",,,(mode=view|articleNo=|boardNo=|nttNo=|idx=|no=\d+),장학|장학금|학자금|등록금|scholarship|tuition|fellowship,,true
khu_011,khu,10,158,620,831,,신소재공학과,department,경희대 신소재공학과,https://amie.khu.ac.kr/amie/user/bbs/BMSR00040/list.do?menuNo=17700015,https://amie.khu.ac.kr,tbody tr,a[href],a[href],"td:last-child, .date, .board-date, .wr_date",,,(mode=view|articleNo=|boardNo=|nttNo=|idx=|no=\d+),장학|장학금|학자금|등록금|scholarship|tuition|fellowship,,true
khu_012,khu,10,158,621,829,,사회기반시스템공학과,department,경희대 사회기반시스템공학과,https://civileng.khu.ac.kr/civileng/user/bbs/BMSR00040/list.do?menuNo=17800016,https://civileng.khu.ac.kr,tbody tr,a[href],a[href],"td:last-child, .date, .board-date, .wr_date",,,(mode=view|articleNo=|boardNo=|nttNo=|idx=|no=\d+),장학|장학금|학자금|등록금|scholarship|tuition|fellowship,,true
khu_013,khu,10,158,623,835,,환경학및환경공학과,department,경희대 환경학및환경공학과,https://env.khu.ac.kr/env/user/bbs/BMSR00040/list.do?menuNo=18000015,https://env.khu.ac.kr,tbody tr,a[href],a[href],"td:last-child, .date, .board-date, .wr_date",,,(mode=view|articleNo=|boardNo=|nttNo=|idx=|no=\d+),장학|장학금|학자금|등록금|scholarship|tuition|fellowship,,true
khu_014,khu,10,153,593,804,,국제학과,department,경희대 국제학과,https://kic.khu.ac.kr/kic_kor/user/bbs/BMSR00040/list.do?menuNo=5000032,https://kic.khu.ac.kr,tbody tr,a[href],a[href],"td:last-child, .date, .board-date, .wr_date",,,(mode=view|articleNo=|boardNo=|nttNo=|idx=|no=\d+),장학|장학금|학자금|등록금|scholarship|tuition|fellowship,,true
khu_015,khu,10,170,658,867,,발레,department,경희대 발레,https://dance.khu.ac.kr/dance/user/bbs/BMSR00040/list.do?menuNo=300049,https://dance.khu.ac.kr,tbody tr,a[href],a[href],"td:last-child, .date, .board-date, .wr_date",,,(mode=view|articleNo=|boardNo=|nttNo=|idx=|no=\d+),장학|장학금|학자금|등록금|scholarship|tuition|fellowship,,true
khu_016,khu,10,170,656,868,,한국무용,department,경희대 한국무용,https://dance.khu.ac.kr/dance/user/bbs/BMSR00040/list.do?menuNo=300049,https://dance.khu.ac.kr,tbody tr,a[href],a[href],"td:last-child, .date, .board-date, .wr_date",,,(mode=view|articleNo=|boardNo=|nttNo=|idx=|no=\d+),장학|장학금|학자금|등록금|scholarship|tuition|fellowship,,true
khu_017,khu,10,170,657,869,,현대무용,department,경희대 현대무용,https://dance.khu.ac.kr/dance/user/bbs/BMSR00040/list.do?menuNo=300049,https://dance.khu.ac.kr,tbody tr,a[href],a[href],"td:last-child, .date, .board-date, .wr_date",,,(mode=view|articleNo=|boardNo=|nttNo=|idx=|no=\d+),장학|장학금|학자금|등록금|scholarship|tuition|fellowship,,true
khu_018,khu,10,150,572,783,,국어국문학과,department,경희대 국어국문학과,https://human.khu.ac.kr/gukmun/user/bbs/BMSR00040/list.do?menuNo=16000042,https://human.khu.ac.kr,tbody tr,a[href],a[href],"td:last-child, .date, .board-date, .wr_date",,,(mode=view|articleNo=|boardNo=|nttNo=|idx=|no=\d+),장학|장학금|학자금|등록금|scholarship|tuition|fellowship,,true
khu_019,khu,10,150,575,784,,사학과,department,경희대 사학과,https://human.khu.ac.kr/history/user/bbs/BMSR00040/list.do?menuNo=16100042,https://human.khu.ac.kr,tbody tr,a[href],a[href],"td:last-child, .date, .board-date, .wr_date",,,(mode=view|articleNo=|boardNo=|nttNo=|idx=|no=\d+),장학|장학금|학자금|등록금|scholarship|tuition|fellowship,,true
khu_020,khu,10,150,576,787,,철학과,department,경희대 철학과,https://com.khu.ac.kr/sophia/user/bbs/BMSR00040/list.do?menuNo=16200007,https://com.khu.ac.kr,tbody tr,a[href],a[href],"td:last-child, .date, .board-date, .wr_date",,,(mode=view|articleNo=|boardNo=|nttNo=|idx=|no=\d+),장학|장학금|학자금|등록금|scholarship|tuition|fellowship,,true
khu_021,khu,10,150,573,785,,영어영문학과,department,경희대 영어영문학과,https://com.khu.ac.kr/khenglish/user/bbs/BMSR00040/list.do?menuNo=16300016,https://com.khu.ac.kr,tbody tr,a[href],a[href],"td:last-child, .date, .board-date, .wr_date",,,(mode=view|articleNo=|boardNo=|nttNo=|idx=|no=\d+),장학|장학금|학자금|등록금|scholarship|tuition|fellowship,,true
khu_022,khu,10,150,574,786,,응용영어통번역학과,department,경희대 응용영어통번역학과,https://human.khu.ac.kr/aelts/user/bbs/BMSR00040/list.do?menuNo=16400017,https://human.khu.ac.kr,tbody tr,a[href],a[href],"td:last-child, .date, .board-date, .wr_date",,,(mode=view|articleNo=|boardNo=|nttNo=|idx=|no=\d+),장학|장학금|학자금|등록금|scholarship|tuition|fellowship,,true
khu_023,khu,10,169,654,866,,회화전공,department,경희대 회화전공,https://khuart.khu.ac.kr/khuart/user/bbs/BMSR00040/list.do?menuNo=1400031,https://khuart.khu.ac.kr,tbody tr,a[href],a[href],"td:last-child, .date, .board-date, .wr_date",,,(mode=view|articleNo=|boardNo=|nttNo=|idx=|no=\d+),장학|장학금|학자금|등록금|scholarship|tuition|fellowship,,true
khu_024,khu,10,169,655,864,,조소전공,department,경희대 조소전공,https://khuart.khu.ac.kr/khuart/user/bbs/BMSR00040/list.do?menuNo=1400031,https://khuart.khu.ac.kr,tbody tr,a[href],a[href],"td:last-child, .date, .board-date, .wr_date",,,(mode=view|articleNo=|boardNo=|nttNo=|idx=|no=\d+),장학|장학금|학자금|등록금|scholarship|tuition|fellowship,,true
khu_025,khu,10,169,653,865,,한국화전공,department,경희대 한국화전공,https://khuart.khu.ac.kr/khuart/user/bbs/BMSR00040/list.do?menuNo=1400031,https://khuart.khu.ac.kr,tbody tr,a[href],a[href],"td:last-child, .date, .board-date, .wr_date",,,(mode=view|articleNo=|boardNo=|nttNo=|idx=|no=\d+),장학|장학금|학자금|등록금|scholarship|tuition|fellowship,,true
khu_026,khu,10,162,635,848,,유전생명공학과,department,경희대 유전생명공학과,https://com.khu.ac.kr/genetech/user/bbs/BMSR00040/list.do?menuNo=11700122,https://com.khu.ac.kr,tbody tr,a[href],a[href],"td:last-child, .date, .board-date, .wr_date",,,(mode=view|articleNo=|boardNo=|nttNo=|idx=|no=\d+),장학|장학금|학자금|등록금|scholarship|tuition|fellowship,,true
khu_027,khu,10,162,636,847,,식품생명공학과,department,경희대 식품생명공학과,https://com.khu.ac.kr/fst/user/bbs/BMSR00040/list.do?menuNo=11800057,https://com.khu.ac.kr,tbody tr,a[href],a[href],"td:last-child, .date, .board-date, .wr_date",,,(mode=view|articleNo=|boardNo=|nttNo=|idx=|no=\d+),장학|장학금|학자금|등록금|scholarship|tuition|fellowship,,true
khu_028,khu,10,162,,1120,,한방생명공학과,department,경희대 한방생명공학과,https://com.khu.ac.kr/ommp/user/bbs/BMSR00040/list.do?menuNo=11900051,https://com.khu.ac.kr,tbody tr,a[href],a[href],"td:last-child, .date, .board-date, .wr_date",,,(mode=view|articleNo=|boardNo=|nttNo=|idx=|no=\d+),장학|장학금|학자금|등록금|scholarship|tuition|fellowship,,true
khu_029,khu,10,162,,1121,,원예생명공학과,department,경희대 원예생명공학과,https://hort.khu.ac.kr/hort/user/bbs/BMSR00040/list.do?menuNo=12100040,https://hort.khu.ac.kr,tbody tr,a[href],a[href],"td:last-child, .date, .board-date, .wr_date",,,(mode=view|articleNo=|boardNo=|nttNo=|idx=|no=\d+),장학|장학금|학자금|등록금|scholarship|tuition|fellowship,,true
khu_030,khu,10,162,637,846,,스마트팜과학과,department,경희대 스마트팜과학과,https://smartfarmsci.khu.ac.kr/smartfarm/user/bbs/BMSR00040/list.do?menuNo=9400021,https://smartfarmsci.khu.ac.kr,tbody tr,a[href],a[href],"td:last-child, .date, .board-date, .wr_date",,,(mode=view|articleNo=|boardNo=|nttNo=|idx=|no=\d+),장학|장학금|학자금|등록금|scholarship|tuition|fellowship,,true
khu_031,khu,10,162,638,849,,융합바이오·신소재공학과,department,경희대 융합바이오·신소재공학과,https://cbam.khu.ac.kr/bio/user/bbs/BMSR00040/list.do?menuNo=19500029,https://cbam.khu.ac.kr,tbody tr,a[href],a[href],"td:last-child, .date, .board-date, .wr_date",,,(mode=view|articleNo=|boardNo=|nttNo=|idx=|no=\d+),장학|장학금|학자금|등록금|scholarship|tuition|fellowship,,true
khu_032,khu,10,162,,1122,,식물환경신소재공학과,department,경희대 식물환경신소재공학과,https://cls.khu.ac.kr/cls/user/bbs/BMSR00040/list.do?menuNo=11600041,https://cls.khu.ac.kr,tbody tr,a[href],a[href],"td:last-child, .date, .board-date, .wr_date",,,(mode=view|articleNo=|boardNo=|nttNo=|idx=|no=\d+),장학|장학금|학자금|등록금|scholarship|tuition|fellowship,,true
khu_033,khu,10,156,604,816,,아동가족학과,department,경희대 아동가족학과,https://che.khu.ac.kr/che/user/bbs/BMSR00040/list.do?menuNo=12700036,https://che.khu.ac.kr,tbody tr,a[href],a[href],"td:last-child, .date, .board-date, .wr_date",,,(mode=view|articleNo=|boardNo=|nttNo=|idx=|no=\d+),장학|장학금|학자금|등록금|scholarship|tuition|fellowship,,true
khu_034,khu,10,156,605,818,,주거환경학과,department,경희대 주거환경학과,https://che.khu.ac.kr/che/user/bbs/BMSR00040/list.do?menuNo=12700049,https://che.khu.ac.kr,tbody tr,a[href],a[href],"td:last-child, .date, .board-date, .wr_date",,,(mode=view|articleNo=|boardNo=|nttNo=|idx=|no=\d+),장학|장학금|학자금|등록금|scholarship|tuition|fellowship,,true
khu_035,khu,10,156,606,817,,의상학과,department,경희대 의상학과,https://che.khu.ac.kr/che/user/bbs/BMSR00040/list.do?menuNo=12700064,https://che.khu.ac.kr,tbody tr,a[href],a[href],"td:last-child, .date, .board-date, .wr_date",,,(mode=view|articleNo=|boardNo=|nttNo=|idx=|no=\d+),장학|장학금|학자금|등록금|scholarship|tuition|fellowship,,true
khu_036,khu,10,156,607,815,,식품영양학과,department,경희대 식품영양학과,https://che.khu.ac.kr/che/user/bbs/BMSR00040/list.do?menuNo=12700079,https://che.khu.ac.kr,tbody tr,a[href],a[href],"td:last-child, .date, .board-date, .wr_date",,,(mode=view|articleNo=|boardNo=|nttNo=|idx=|no=\d+),장학|장학금|학자금|등록금|scholarship|tuition|fellowship,,true
khu_037,khu,10,160,628,841,,컴퓨터공학부,department,경희대 컴퓨터공학부,https://ce.khu.ac.kr/ce25/user/bbs/BMSR00040/list.do?menuNo=21600019,https://ce.khu.ac.kr,tbody tr,a[href],a[href],"td:last-child, .date, .board-date, .wr_date",,,(mode=view|articleNo=|boardNo=|nttNo=|idx=|no=\d+),장학|장학금|학자금|등록금|scholarship|tuition|fellowship,,true
khu_038,khu,10,160,630,839,,소프트웨어융합학과,department,경희대 소프트웨어융합학과,https://swcon.khu.ac.kr/wordpress/post/,https://swcon.khu.ac.kr,,a[href],,,,,,장학|장학금|학자금|등록금|scholarship|tuition|fellowship,,true
khu_039,khu,10,166,645,857,,약학과,department,경희대 약학과,https://pharm.khu.ac.kr/pharm_kor/user/bbs/BMSR00040/list.do?menuNo=3900106,https://pharm.khu.ac.kr,tbody tr,a[href],a[href],"td:last-child, .date, .board-date, .wr_date",,,(mode=view|articleNo=|boardNo=|nttNo=|idx=|no=\d+),장학|장학금|학자금|등록금|scholarship|tuition|fellowship,,true
khu_040,khu,10,166,646,858,,한약학과,department,경희대 한약학과,https://pharm.khu.ac.kr/pharm_kor/user/bbs/BMSR00040/list.do?menuNo=3900106,https://pharm.khu.ac.kr,tbody tr,a[href],a[href],"td:last-child, .date, .board-date, .wr_date",,,(mode=view|articleNo=|boardNo=|nttNo=|idx=|no=\d+),장학|장학금|학자금|등록금|scholarship|tuition|fellowship,,true
khu_041,khu,10,166,647,856,,약과학과,department,경희대 약과학과,https://pharm.khu.ac.kr/pharm_kor/user/bbs/BMSR00040/list.do?menuNo=3900106,https://pharm.khu.ac.kr,tbody tr,a[href],a[href],"td:last-child, .date, .board-date, .wr_date",,,(mode=view|articleNo=|boardNo=|nttNo=|idx=|no=\d+),장학|장학금|학자금|등록금|scholarship|tuition|fellowship,,true
khu_042,khu,10,171,659,873,,산업디자인학과,department,경희대 산업디자인학과,https://id.khu.ac.kr/id/user/bbs/BMSR00040/list.do?menuNo=19700005,https://id.khu.ac.kr,tbody tr,a[href],a[href],"td:last-child, .date, .board-date, .wr_date",,,(mode=view|articleNo=|boardNo=|nttNo=|idx=|no=\d+),장학|장학금|학자금|등록금|scholarship|tuition|fellowship,,true
khu_043,khu,10,171,660,874,,시각디자인학과,department,경희대 시각디자인학과,https://vd.khu.ac.kr/vd/user/bbs/BMSR00040/list.do?menuNo=15300012,https://vd.khu.ac.kr,tbody tr,a[href],a[href],"td:last-child, .date, .board-date, .wr_date",,,(mode=view|articleNo=|boardNo=|nttNo=|idx=|no=\d+),장학|장학금|학자금|등록금|scholarship|tuition|fellowship,,true
khu_044,khu,10,171,661,877,,환경조경디자인학과,department,경희대 환경조경디자인학과,https://la.khu.ac.kr/la/user/bbs/BMSR00040/list.do?menuNo=19600015,https://la.khu.ac.kr,tbody tr,a[href],a[href],"td:last-child, .date, .board-date, .wr_date",,,(mode=view|articleNo=|boardNo=|nttNo=|idx=|no=\d+),장학|장학금|학자금|등록금|scholarship|tuition|fellowship,,true
khu_045,khu,10,171,664,871,,도예학과,department,경희대 도예학과,https://and.khu.ac.kr/and_kor/user/bbs/BMSR00040/list.do?menuNo=14900111,https://and.khu.ac.kr,tbody tr,a[href],a[href],"td:last-child, .date, .board-date, .wr_date",,,(mode=view|articleNo=|boardNo=|nttNo=|idx=|no=\d+),장학|장학금|학자금|등록금|scholarship|tuition|fellowship,,true
khu_046,khu,10,171,663,872,,디지털콘텐츠학과,department,경희대 디지털콘텐츠학과,https://and.khu.ac.kr/and_kor/user/bbs/BMSR00040/list.do?menuNo=14900111,https://and.khu.ac.kr,tbody tr,a[href],a[href],"td:last-child, .date, .board-date, .wr_date",,,(mode=view|articleNo=|boardNo=|nttNo=|idx=|no=\d+),장학|장학금|학자금|등록금|scholarship|tuition|fellowship,,true
khu_047,khu,10,171,665,875,,연극영화학과,department,경희대 연극영화학과,https://and.khu.ac.kr/and_kor/user/bbs/BMSR00040/list.do?menuNo=14900111,https://and.khu.ac.kr,tbody tr,a[href],a[href],"td:last-child, .date, .board-date, .wr_date",,,(mode=view|articleNo=|boardNo=|nttNo=|idx=|no=\d+),장학|장학금|학자금|등록금|scholarship|tuition|fellowship,,true
khu_048,khu,10,171,662,876,,의류디자인학과,department,경희대 의류디자인학과,https://and.khu.ac.kr/and_kor/user/bbs/BMSR00040/list.do?menuNo=14900111,https://and.khu.ac.kr,tbody tr,a[href],a[href],"td:last-child, .date, .board-date, .wr_date",,,(mode=view|articleNo=|boardNo=|nttNo=|idx=|no=\d+),장학|장학금|학자금|등록금|scholarship|tuition|fellowship,,true
khu_049,khu,10,171,666,870,,PostModern음악학과,department,경희대 PostModern음악학과,https://and.khu.ac.kr/and_kor/user/bbs/BMSR00040/list.do?menuNo=14900111,https://and.khu.ac.kr,tbody tr,a[href],a[href],"td:last-child, .date, .board-date, .wr_date",,,(mode=view|articleNo=|boardNo=|nttNo=|idx=|no=\d+),장학|장학금|학자금|등록금|scholarship|tuition|fellowship,,true
khu_050,khu,10,151,577,794,,프랑스어학과,department,경희대 프랑스어학과,https://com.khu.ac.kr/france/user/bbs/BMSR00040/list.do?menuNo=2600010,https://com.khu.ac.kr,tbody tr,a[href],a[href],"td:last-child, .date, .board-date, .wr_date",,,(mode=view|articleNo=|boardNo=|nttNo=|idx=|no=\d+),장학|장학금|학자금|등록금|scholarship|tuition|fellowship,,true
khu_051,khu,10,151,578,789,,스페인어학과,department,경희대 스페인어학과,https://com.khu.ac.kr/spanish/user/bbs/BMSR00040/list.do?menuNo=2500012,https://com.khu.ac.kr,tbody tr,a[href],a[href],"td:last-child, .date, .board-date, .wr_date",,,(mode=view|articleNo=|boardNo=|nttNo=|idx=|no=\d+),장학|장학금|학자금|등록금|scholarship|tuition|fellowship,,true
khu_052,khu,10,151,579,788,,러시아어학과,department,경희대 러시아어학과,https://com.khu.ac.kr/russia/user/bbs/BMSR00040/list.do?menuNo=2400014,https://com.khu.ac.kr,tbody tr,a[href],a[href],"td:last-child, .date, .board-date, .wr_date",,,(mode=view|articleNo=|boardNo=|nttNo=|idx=|no=\d+),장학|장학금|학자금|등록금|scholarship|tuition|fellowship,,true
khu_053,khu,10,151,580,793,,중국어학과,department,경희대 중국어학과,https://com.khu.ac.kr/zhongwen/user/bbs/BMSR00040/list.do?menuNo=2300011,https://com.khu.ac.kr,tbody tr,a[href],a[href],"td:last-child, .date, .board-date, .wr_date",,,(mode=view|articleNo=|boardNo=|nttNo=|idx=|no=\d+),장학|장학금|학자금|등록금|scholarship|tuition|fellowship,,true
khu_054,khu,10,151,581,792,,일본어학과,department,경희대 일본어학과,https://com.khu.ac.kr/japanese/user/bbs/BMSR00040/list.do?menuNo=2200013,https://com.khu.ac.kr,tbody tr,a[href],a[href],"td:last-child, .date, .board-date, .wr_date",,,(mode=view|articleNo=|boardNo=|nttNo=|idx=|no=\d+),장학|장학금|학자금|등록금|scholarship|tuition|fellowship,,true
khu_055,khu,10,151,582,795,,한국어학과,department,경희대 한국어학과,https://com.khu.ac.kr/korean/user/bbs/BMSR00040/list.do?menuNo=4500009,https://com.khu.ac.kr,tbody tr,a[href],a[href],"td:last-child, .date, .board-date, .wr_date",,,(mode=view|articleNo=|boardNo=|nttNo=|idx=|no=\d+),장학|장학금|학자금|등록금|scholarship|tuition|fellowship,,true
khu_056,khu,10,151,583,791,,영미어문전공,department,경희대 영미어문전공,https://com.khu.ac.kr/deptofenglish/user/bbs/BMSR00040/list.do?menuNo=2100013,https://com.khu.ac.kr,tbody tr,a[href],a[href],"td:last-child, .date, .board-date, .wr_date",,,(mode=view|articleNo=|boardNo=|nttNo=|idx=|no=\d+),장학|장학금|학자금|등록금|scholarship|tuition|fellowship,,true
khu_057,khu,10,151,584,790,,영미문화전공,department,경희대 영미문화전공,https://com.khu.ac.kr/deptofenglish/user/bbs/BMSR00040/list.do?menuNo=2100013,https://com.khu.ac.kr,tbody tr,a[href],a[href],"td:last-child, .date, .board-date, .wr_date",,,(mode=view|articleNo=|boardNo=|nttNo=|idx=|no=\d+),장학|장학금|학자금|등록금|scholarship|tuition|fellowship,,true
khu_058,khu,10,168,651,860,,관현전공,department,경희대 관현전공,https://com.khu.ac.kr/music_kor/user/bbs/BMSR00040/list.do?menuNo=16900043,https://com.khu.ac.kr,tbody tr,a[href],a[href],"td:last-child, .date, .board-date, .wr_date",,,(mode=view|articleNo=|boardNo=|nttNo=|idx=|no=\d+),장학|장학금|학자금|등록금|scholarship|tuition|fellowship,,true
khu_059,khu,10,168,650,861,,성악과,department,경희대 성악과,https://com.khu.ac.kr/music_kor/user/bbs/BMSR00040/list.do?menuNo=16900043,https://com.khu.ac.kr,tbody tr,a[href],a[href],"td:last-child, .date, .board-date, .wr_date",,,(mode=view|articleNo=|boardNo=|nttNo=|idx=|no=\d+),장학|장학금|학자금|등록금|scholarship|tuition|fellowship,,true
khu_060,khu,10,168,649,862,,작곡과,department,경희대 작곡과,https://com.khu.ac.kr/music_kor/user/bbs/BMSR00040/list.do?menuNo=16900043,https://com.khu.ac.kr,tbody tr,a[href],a[href],"td:last-child, .date, .board-date, .wr_date",,,(mode=view|articleNo=|boardNo=|nttNo=|idx=|no=\d+),장학|장학금|학자금|등록금|scholarship|tuition|fellowship,,true
khu_061,khu,10,168,652,863,,피아노전공,department,경희대 피아노전공,https://com.khu.ac.kr/music_kor/user/bbs/BMSR00040/list.do?menuNo=16900043,https://com.khu.ac.kr,tbody tr,a[href],a[href],"td:last-child, .date, .board-date, .wr_date",,,(mode=view|articleNo=|boardNo=|nttNo=|idx=|no=\d+),장학|장학금|학자금|등록금|scholarship|tuition|fellowship,,true
khu_062,khu,10,161,634,842,,우주과학과,department,경희대 우주과학과,https://applsci.khu.ac.kr/space/user/bbs/BMSR00040/list.do?menuNo=2800023,https://applsci.khu.ac.kr,tbody tr,a[href],a[href],"td:last-child, .date, .board-date, .wr_date",,,(mode=view|articleNo=|boardNo=|nttNo=|idx=|no=\d+),장학|장학금|학자금|등록금|scholarship|tuition|fellowship,,true
khu_063,khu,10,161,632,843,,응용물리학과,department,경희대 응용물리학과,https://com.khu.ac.kr/physics/user/bbs/BMSR00040/list.do?menuNo=3000054,https://com.khu.ac.kr,tbody tr,a[href],a[href],"td:last-child, .date, .board-date, .wr_date",,,(mode=view|articleNo=|boardNo=|nttNo=|idx=|no=\d+),장학|장학금|학자금|등록금|scholarship|tuition|fellowship,,true
khu_064,khu,10,161,631,844,,응용수학과,department,경희대 응용수학과,https://com.khu.ac.kr/math/user/bbs/BMSR00040/list.do?menuNo=3100018,https://com.khu.ac.kr,tbody tr,a[href],a[href],"td:last-child, .date, .board-date, .wr_date",,,(mode=view|articleNo=|boardNo=|nttNo=|idx=|no=\d+),장학|장학금|학자금|등록금|scholarship|tuition|fellowship,,true
khu_065,khu,10,161,633,845,,응용화학과,department,경희대 응용화학과,https://com.khu.ac.kr/applchem/user/bbs/BMSR00040/list.do?menuNo=2900027,https://com.khu.ac.kr,tbody tr,a[href],a[href],"td:last-child, .date, .board-date, .wr_date",,,(mode=view|articleNo=|boardNo=|nttNo=|idx=|no=\d+),장학|장학금|학자금|등록금|scholarship|tuition|fellowship,,true
khu_066,khu,10,163,639,850,,의예과,department,경희대 의예과,https://khusm.khu.ac.kr/bbs/board.php?bo_table=s6_1,https://khusm.khu.ac.kr,,a[href],,,,,,장학|장학금|학자금|등록금|scholarship|tuition|fellowship,,true
khu_067,khu,10,163,640,851,,의학과,department,경희대 의학과,https://khusm.khu.ac.kr/bbs/board.php?bo_table=s6_1,https://khusm.khu.ac.kr,,a[href],,,,,,장학|장학금|학자금|등록금|scholarship|tuition|fellowship,,true
khu_068,khu,10,157,609,819,,물리학과,department,경희대 물리학과,https://science.khu.ac.kr/phy/user/bbs/BMSR00050/list.do?menuNo=3800084,https://science.khu.ac.kr,tbody tr,a[href],a[href],"td:last-child, .date, .board-date, .wr_date",,,(mode=view|articleNo=|boardNo=|nttNo=|idx=|no=\d+),장학|장학금|학자금|등록금|scholarship|tuition|fellowship,,true
khu_069,khu,10,157,608,822,,수학과,department,경희대 수학과,https://maths.khu.ac.kr/maths/user/bbs/BMSR00040/list.do?menuNo=600039,https://maths.khu.ac.kr,tbody tr,a[href],a[href],"td:last-child, .date, .board-date, .wr_date",,,(mode=view|articleNo=|boardNo=|nttNo=|idx=|no=\d+),장학|장학금|학자금|등록금|scholarship|tuition|fellowship,,true
khu_070,khu,10,157,610,824,,화학과,department,경희대 화학과,https://science.khu.ac.kr/chem/user/bbs/BMSR00040/list.do?menuNo=3700015,https://science.khu.ac.kr,tbody tr,a[href],a[href],"td:last-child, .date, .board-date, .wr_date",,,(mode=view|articleNo=|boardNo=|nttNo=|idx=|no=\d+),장학|장학금|학자금|등록금|scholarship|tuition|fellowship,,true
khu_071,khu,10,157,611,821,,생물학과,department,경희대 생물학과,https://science.khu.ac.kr/biology/user/bbs/BMSR00040/list.do?menuNo=900033,https://science.khu.ac.kr,tbody tr,a[href],a[href],"td:last-child, .date, .board-date, .wr_date",,,(mode=view|articleNo=|boardNo=|nttNo=|idx=|no=\d+),장학|장학금|학자금|등록금|scholarship|tuition|fellowship,,true
khu_072,khu,10,157,612,823,,지리학과,department,경희대 지리학과,https://science.khu.ac.kr/geo/user/bbs/BMSR00040/list.do?menuNo=3600055,https://science.khu.ac.kr,tbody tr,a[href],a[href],"td:last-child, .date, .board-date, .wr_date",,,(mode=view|articleNo=|boardNo=|nttNo=|idx=|no=\d+),장학|장학금|학자금|등록금|scholarship|tuition|fellowship,,true
khu_073,khu,10,157,613,820,,미래정보디스플레이학부,department,경희대 미래정보디스플레이학부,https://science.khu.ac.kr/display/user/bbs/BMSR00040/list.do?menuNo=3500019,https://science.khu.ac.kr,tbody tr,a[href],a[href],"td:last-child, .date, .board-date, .wr_date",,,(mode=view|articleNo=|boardNo=|nttNo=|idx=|no=\d+),장학|장학금|학자금|등록금|scholarship|tuition|fellowship,,true
khu_074,khu,10,149,571,782,,자유전공학부,department,경희대 자유전공학부,https://globaleminence.khu.ac.kr/globaleminence/user/bbs/BMSR00040/list.do?menuNo=19100012,https://globaleminence.khu.ac.kr,tbody tr,a[href],a[href],"td:last-child, .date, .board-date, .wr_date",,,(mode=view|articleNo=|boardNo=|nttNo=|idx=|no=\d+),장학|장학금|학자금|등록금|scholarship|tuition|fellowship,,true
khu_075,khu,10,148,570,781,,자율전공학부(글로벌리더전공),department,경희대 자율전공학부(글로벌리더전공),https://globaleminence.khu.ac.kr/globaleminence/user/bbs/BMSR00040/list.do?menuNo=19100012,https://globaleminence.khu.ac.kr,tbody tr,a[href],a[href],"td:last-child, .date, .board-date, .wr_date",,,(mode=view|articleNo=|boardNo=|nttNo=|idx=|no=\d+),장학|장학금|학자금|등록금|scholarship|tuition|fellowship,,true
khu_076,khu,10,159,625,838,,전자공학부,department,경희대 전자공학부,https://ee.khu.ac.kr/ee25/user/bbs/BMSR00040/list.do?menuNo=21700019,https://ee.khu.ac.kr,tbody tr,a[href],a[href],"td:last-child, .date, .board-date, .wr_date",,,(mode=view|articleNo=|boardNo=|nttNo=|idx=|no=\d+),장학|장학금|학자금|등록금|scholarship|tuition|fellowship,,true
khu_077,khu,10,159,627,837,,생체의공학과,department,경희대 생체의공학과,https://bme.khu.ac.kr/bme25/user/bbs/BMSR00040/list.do?menuNo=21800017,https://bme.khu.ac.kr,tbody tr,a[href],a[href],"td:last-child, .date, .board-date, .wr_date",,,(mode=view|articleNo=|boardNo=|nttNo=|idx=|no=\d+),장학|장학금|학자금|등록금|scholarship|tuition|fellowship,,true
khu_078,khu,10,152,585,802,,정치외교학과,department,경희대 정치외교학과,https://com.khu.ac.kr/politics/user/bbs/BMSR00040/list.do?menuNo=4800017,https://com.khu.ac.kr,tbody tr,a[href],a[href],"td:last-child, .date, .board-date, .wr_date",,,(mode=view|articleNo=|boardNo=|nttNo=|idx=|no=\d+),장학|장학금|학자금|등록금|scholarship|tuition|fellowship,,true
khu_079,khu,10,152,586,803,,행정학과,department,경희대 행정학과,https://com.khu.ac.kr/pa/user/bbs/BMSR00040/list.do?menuNo=4700044,https://com.khu.ac.kr,tbody tr,a[href],a[href],"td:last-child, .date, .board-date, .wr_date",,,(mode=view|articleNo=|boardNo=|nttNo=|idx=|no=\d+),장학|장학금|학자금|등록금|scholarship|tuition|fellowship,,true
khu_080,khu,10,152,587,801,,사회학과,department,경희대 사회학과,https://com.khu.ac.kr/soc/user/bbs/BMSR00040/list.do?menuNo=1100015,https://com.khu.ac.kr,tbody tr,a[href],a[href],"td:last-child, .date, .board-date, .wr_date",,,(mode=view|articleNo=|boardNo=|nttNo=|idx=|no=\d+),장학|장학금|학자금|등록금|scholarship|tuition|fellowship,,true
khu_081,khu,10,152,588,796,,경제학과,department,경희대 경제학과,https://com.khu.ac.kr/econ/user/bbs/BMSR00040/list.do?menuNo=4400060,https://com.khu.ac.kr,tbody tr,a[href],a[href],"td:last-child, .date, .board-date, .wr_date",,,(mode=view|articleNo=|boardNo=|nttNo=|idx=|no=\d+),장학|장학금|학자금|등록금|scholarship|tuition|fellowship,,true
khu_082,khu,10,152,589,799,,무역학과,department,경희대 무역학과,https://trade.khu.ac.kr/trade/index.php?mid=Notice,https://trade.khu.ac.kr,,a[href],,,,,,장학|장학금|학자금|등록금|scholarship|tuition|fellowship,,true
khu_083,khu,10,152,590,800,,미디어학과,department,경희대 미디어학과,https://com.khu.ac.kr/media/user/bbs/BMSR00040/list.do?menuNo=4600044,https://com.khu.ac.kr,tbody tr,a[href],a[href],"td:last-child, .date, .board-date, .wr_date",,,(mode=view|articleNo=|boardNo=|nttNo=|idx=|no=\d+),장학|장학금|학자금|등록금|scholarship|tuition|fellowship,,true
khu_084,khu,10,152,591,798,,국제통상학전공,department,경희대 국제통상학전공,https://cominv.khu.ac.kr/home/index.php?mid=Notice,https://cominv.khu.ac.kr,,a[href],,,,,,장학|장학금|학자금|등록금|scholarship|tuition|fellowship,,true
khu_085,khu,10,152,592,797,,국제금융투자학전공,department,경희대 국제금융투자학전공,https://cominv.khu.ac.kr/home/index.php?mid=Notice,https://cominv.khu.ac.kr,,a[href],,,,,,장학|장학금|학자금|등록금|scholarship|tuition|fellowship,,true
khu_086,khu,10,172,667,881,,체육학과,department,경희대 체육학과,http://sports.khu.ac.kr/bbs/board.php?bo_table=05_06_01,https://sports.khu.ac.kr,,a[href],,,,,,장학|장학금|학자금|등록금|scholarship|tuition|fellowship,,true
khu_087,khu,10,172,670,880,,스포츠지도학과,department,경희대 스포츠지도학과,http://sports.khu.ac.kr/bbs/board.php?bo_table=05_06_01,https://sports.khu.ac.kr,,a[href],,,,,,장학|장학금|학자금|등록금|scholarship|tuition|fellowship,,true
khu_088,khu,10,172,668,879,,스포츠의학과,department,경희대 스포츠의학과,http://sports.khu.ac.kr/bbs/board.php?bo_table=05_06_01,https://sports.khu.ac.kr,,a[href],,,,,,장학|장학금|학자금|등록금|scholarship|tuition|fellowship,,true
khu_089,khu,10,172,669,878,,골프산업학과,department,경희대 골프산업학과,http://sports.khu.ac.kr/bbs/board.php?bo_table=05_06_01,https://sports.khu.ac.kr,,a[href],,,,,,장학|장학금|학자금|등록금|scholarship|tuition|fellowship,,true
khu_090,khu,10,172,671,882,,태권도학과,department,경희대 태권도학과,http://sports.khu.ac.kr/bbs/board.php?bo_table=05_06_01,https://sports.khu.ac.kr,,a[href],,,,,,장학|장학금|학자금|등록금|scholarship|tuition|fellowship,,true
khu_091,khu,10,165,643,854,,치의예과,department,경희대 치의예과,https://com.khu.ac.kr/dental_kor/user/bbs/BMSR00040/list.do?menuNo=16700045,https://com.khu.ac.kr,tbody tr,a[href],a[href],"td:last-child, .date, .board-date, .wr_date",,,(mode=view|articleNo=|boardNo=|nttNo=|idx=|no=\d+),장학|장학금|학자금|등록금|scholarship|tuition|fellowship,,true
khu_092,khu,10,165,644,855,,치의학과,department,경희대 치의학과,https://com.khu.ac.kr/dental_kor/user/bbs/BMSR00040/list.do?menuNo=16700045,https://com.khu.ac.kr,tbody tr,a[href],a[href],"td:last-child, .date, .board-date, .wr_date",,,(mode=view|articleNo=|boardNo=|nttNo=|idx=|no=\d+),장학|장학금|학자금|등록금|scholarship|tuition|fellowship,,true
khu_093,khu,10,164,641,852,,한의예과,department,경희대 한의예과,https://kmc.khu.ac.kr/kmc_kor/user/bbs/BMSR00040/list.do?menuNo=4200052,https://kmc.khu.ac.kr,tbody tr,a[href],a[href],"td:last-child, .date, .board-date, .wr_date",,,(mode=view|articleNo=|boardNo=|nttNo=|idx=|no=\d+),장학|장학금|학자금|등록금|scholarship|tuition|fellowship,,true
khu_094,khu,10,164,642,853,,한의학과,department,경희대 한의학과,https://kmc.khu.ac.kr/kmc_kor/user/bbs/BMSR00040/list.do?menuNo=4200052,https://kmc.khu.ac.kr,tbody tr,a[href],a[href],"td:last-child, .date, .board-date, .wr_date",,,(mode=view|articleNo=|boardNo=|nttNo=|idx=|no=\d+),장학|장학금|학자금|등록금|scholarship|tuition|fellowship,,true
khu_095,khu,10,155,597,808,,Hospitality경영학과,department,경희대 Hospitality경영학과,https://hot.khu.ac.kr/hot20_kor/user/bbs/BMSR00040/list.do?menuNo=10900109,https://hot.khu.ac.kr,tbody tr,a[href],a[href],"td:last-child, .date, .board-date, .wr_date",,,(mode=view|articleNo=|boardNo=|nttNo=|idx=|no=\d+),장학|장학금|학자금|등록금|scholarship|tuition|fellowship,,true
khu_096,khu,10,155,598,813,,조리&푸드디자인학과,department,경희대 조리&푸드디자인학과,https://hot.khu.ac.kr/hot20_kor/user/bbs/BMSR00040/list.do?menuNo=10900109,https://hot.khu.ac.kr,tbody tr,a[href],a[href],"td:last-child, .date, .board-date, .wr_date",,,(mode=view|articleNo=|boardNo=|nttNo=|idx=|no=\d+),장학|장학금|학자금|등록금|scholarship|tuition|fellowship,,true
khu_097,khu,10,155,601,810,,글로벌Hospitality·관광학과,department,경희대 글로벌Hospitality·관광학과,https://hot.khu.ac.kr/hot20_kor/user/bbs/BMSR00040/list.do?menuNo=10900109,https://hot.khu.ac.kr,tbody tr,a[href],a[href],"td:last-child, .date, .board-date, .wr_date",,,(mode=view|articleNo=|boardNo=|nttNo=|idx=|no=\d+),장학|장학금|학자금|등록금|scholarship|tuition|fellowship,,true
khu_098,khu,10,155,599,809,,관광학과,department,경희대 관광학과,https://hot.khu.ac.kr/hot20_kor/user/bbs/BMSR00040/list.do?menuNo=10900109,https://hot.khu.ac.kr,tbody tr,a[href],a[href],"td:last-child, .date, .board-date, .wr_date",,,(mode=view|articleNo=|boardNo=|nttNo=|idx=|no=\d+),장학|장학금|학자금|등록금|scholarship|tuition|fellowship,,true
khu_099,khu,10,155,602,811,,문화관광산업학과,department,경희대 문화관광산업학과,https://hot.khu.ac.kr/hot20_kor/user/bbs/BMSR00040/list.do?menuNo=10900109,https://hot.khu.ac.kr,tbody tr,a[href],a[href],"td:last-child, .date, .board-date, .wr_date",,,(mode=view|articleNo=|boardNo=|nttNo=|idx=|no=\d+),장학|장학금|학자금|등록금|scholarship|tuition|fellowship,,true
khu_100,khu,10,155,600,812,,문화엔터테인먼트학과,department,경희대 문화엔터테인먼트학과,https://hot.khu.ac.kr/hot20_kor/user/bbs/BMSR00040/list.do?menuNo=10900109,https://hot.khu.ac.kr,tbody tr,a[href],a[href],"td:last-child, .date, .board-date, .wr_date",,,(mode=view|articleNo=|boardNo=|nttNo=|idx=|no=\d+),장학|장학금|학자금|등록금|scholarship|tuition|fellowship,,true
khu_101,khu,10,155,603,814,,조리산업학과,department,경희대 조리산업학과,https://hot.khu.ac.kr/hot20_kor/user/bbs/BMSR00040/list.do?menuNo=10900109,https://hot.khu.ac.kr,tbody tr,a[href],a[href],"td:last-child, .date, .board-date, .wr_date",,,(mode=view|articleNo=|boardNo=|nttNo=|idx=|no=\d+),장학|장학금|학자금|등록금|scholarship|tuition|fellowship,,true
korea_001,korea,1,1,5,214,경영대학,경영학과,department,고려대 경영학과,https://biz.korea.ac.kr/undergraduate/notice.html?cate=&keyfield=&key=%EC%9E%A5%ED%95%99&kind=1,https://biz.korea.ac.kr,,a[href],,,,,,장학|장학금|학자금|등록금|scholarship|tuition|fellowship,,true
korea_002,korea,1,2,6,215,문과대학,국어국문학과,department,고려대 국어국문학과,https://lib001.korea.ac.kr/lib001/community/depart_notice.do,https://lib001.korea.ac.kr,tbody tr,a[href],a[href],"td:last-child, .date, .board-date, .wr_date",,,(mode=view|articleNo=|boardNo=|nttNo=|idx=|no=\d+),장학|장학금|학자금|등록금|scholarship|tuition|fellowship,,true
korea_003,korea,1,2,7,226,문과대학,철학과,department,고려대 철학과,https://lib003.korea.ac.kr/lib003/notice/notice.do,https://lib003.korea.ac.kr,tbody tr,a[href],a[href],"td:last-child, .date, .board-date, .wr_date",,,(mode=view|articleNo=|boardNo=|nttNo=|idx=|no=\d+),장학|장학금|학자금|등록금|scholarship|tuition|fellowship,,true
korea_004,korea,1,2,8,227,문과대학,한국사학과,department,고려대 한국사학과,https://koreahistory.korea.ac.kr/koreahistory/news/notice.do,https://koreahistory.korea.ac.kr,tbody tr,a[href],a[href],"td:last-child, .date, .board-date, .wr_date",,,(mode=view|articleNo=|boardNo=|nttNo=|idx=|no=\d+),장학|장학금|학자금|등록금|scholarship|tuition|fellowship,,true
korea_005,korea,1,2,9,219,문과대학,사학과,department,고려대 사학과,https://kuhistory.korea.ac.kr/kuhistory/notice/notice.do,https://kuhistory.korea.ac.kr,tbody tr,a[href],a[href],"td:last-child, .date, .board-date, .wr_date",,,(mode=view|articleNo=|boardNo=|nttNo=|idx=|no=\d+),장학|장학금|학자금|등록금|scholarship|tuition|fellowship,,true
korea_006,korea,1,2,10,220,문과대학,사회학과,department,고려대 사회학과,https://socio.korea.ac.kr/socio/commu/notice.do,https://socio.korea.ac.kr,tbody tr,a[href],a[href],"td:last-child, .date, .board-date, .wr_date",,,(mode=view|articleNo=|boardNo=|nttNo=|idx=|no=\d+),장학|장학금|학자금|등록금|scholarship|tuition|fellowship,,true
korea_007,korea,1,2,17,228,문과대학,한문학과,department,고려대 한문학과,https://sinolit.korea.ac.kr/lib015/community/board.do,https://sinolit.korea.ac.kr,tbody tr,a[href],a[href],"td:last-child, .date, .board-date, .wr_date",,,(mode=view|articleNo=|boardNo=|nttNo=|idx=|no=\d+),장학|장학금|학자금|등록금|scholarship|tuition|fellowship,,true
korea_008,korea,1,2,14,223,문과대학,영어영문학과,department,고려대 영어영문학과,https://english.korea.ac.kr/english/community/notice.do,https://english.korea.ac.kr,tbody tr,a[href],a[href],"td:last-child, .date, .board-date, .wr_date",,,(mode=view|articleNo=|boardNo=|nttNo=|idx=|no=\d+),장학|장학금|학자금|등록금|scholarship|tuition|fellowship,,true
korea_009,korea,1,2,11,217,문과대학,독어독문학과,department,고려대 독어독문학과,https://kugermanistik.korea.ac.kr/german/board/01.do,https://kugermanistik.korea.ac.kr,tbody tr,a[href],a[href],"td:last-child, .date, .board-date, .wr_date",,,(mode=view|articleNo=|boardNo=|nttNo=|idx=|no=\d+),장학|장학금|학자금|등록금|scholarship|tuition|fellowship,,true
korea_010,korea,1,2,12,218,문과대학,불어불문학과,department,고려대 불어불문학과,https://kufra.korea.ac.kr/kufra/board/notice.do,https://kufra.korea.ac.kr,tbody tr,a[href],a[href],"td:last-child, .date, .board-date, .wr_date",,,(mode=view|articleNo=|boardNo=|nttNo=|idx=|no=\d+),장학|장학금|학자금|등록금|scholarship|tuition|fellowship,,true
korea_011,korea,1,2,13,225,문과대학,중어중문학과,department,고려대 중어중문학과,https://kuchinese.korea.ac.kr/kuchinese/under/notice.do,https://kuchinese.korea.ac.kr,tbody tr,a[href],a[href],"td:last-child, .date, .board-date, .wr_date",,,(mode=view|articleNo=|boardNo=|nttNo=|idx=|no=\d+),장학|장학금|학자금|등록금|scholarship|tuition|fellowship,,true
korea_012,korea,1,2,19,216,문과대학,노어노문학과,department,고려대 노어노문학과,https://socio.korea.ac.kr/kuruss/board/notice.do,https://socio.korea.ac.kr,tbody tr,a[href],a[href],"td:last-child, .date, .board-date, .wr_date",,,(mode=view|articleNo=|boardNo=|nttNo=|idx=|no=\d+),장학|장학금|학자금|등록금|scholarship|tuition|fellowship,,true
korea_013,korea,1,2,15,224,문과대학,일어일문학과,department,고려대 일어일문학과,https://kujap.korea.ac.kr/kujap/community/notice.do,https://kujap.korea.ac.kr,tbody tr,a[href],a[href],"td:last-child, .date, .board-date, .wr_date",,,(mode=view|articleNo=|boardNo=|nttNo=|idx=|no=\d+),장학|장학금|학자금|등록금|scholarship|tuition|fellowship,,true
korea_014,korea,1,2,16,221,문과대학,서어서문학과,department,고려대 서어서문학과,https://kuhistory.korea.ac.kr/spanish/notice/notice.do,https://kuhistory.korea.ac.kr,tbody tr,a[href],a[href],"td:last-child, .date, .board-date, .wr_date",,,(mode=view|articleNo=|boardNo=|nttNo=|idx=|no=\d+),장학|장학금|학자금|등록금|scholarship|tuition|fellowship,,true
korea_015,korea,1,2,18,222,문과대학,언어학과,department,고려대 언어학과,https://socio.korea.ac.kr/kling/commu/notice.do,https://socio.korea.ac.kr,tbody tr,a[href],a[href],"td:last-child, .date, .board-date, .wr_date",,,(mode=view|articleNo=|boardNo=|nttNo=|idx=|no=\d+),장학|장학금|학자금|등록금|scholarship|tuition|fellowship,,true
korea_016,korea,1,4,24,230,생명과학대학,생명과학부,department,고려대 생명과학부,https://ls.korea.ac.kr/ls/board/notice.do,https://ls.korea.ac.kr,tbody tr,a[href],a[href],"td:last-child, .date, .board-date, .wr_date",,,(mode=view|articleNo=|boardNo=|nttNo=|idx=|no=\d+),장학|장학금|학자금|등록금|scholarship|tuition|fellowship,,true
korea_017,korea,1,4,25,229,생명과학대학,생명공학부,department,고려대 생명공학부,https://bio.korea.ac.kr/bio/commu/notice.do,https://bio.korea.ac.kr,tbody tr,a[href],a[href],"td:last-child, .date, .board-date, .wr_date",,,(mode=view|articleNo=|boardNo=|nttNo=|idx=|no=\d+),장학|장학금|학자금|등록금|scholarship|tuition|fellowship,,true
korea_018,korea,1,4,915,231,생명과학대학,식품공학과,department,고려대 식품공학과,https://foodscience.korea.ac.kr/foodscience/news/notice.do,https://foodscience.korea.ac.kr,tbody tr,a[href],a[href],"td:last-child, .date, .board-date, .wr_date",,,(mode=view|articleNo=|boardNo=|nttNo=|idx=|no=\d+),장학|장학금|학자금|등록금|scholarship|tuition|fellowship,,true
korea_019,korea,1,4,27,233,생명과학대학,환경생태공학부,department,고려대 환경생태공학부,https://lifesci.korea.ac.kr/lifesci/reference/notice.do,https://lifesci.korea.ac.kr,tbody tr,a[href],a[href],"td:last-child, .date, .board-date, .wr_date",,,(mode=view|articleNo=|boardNo=|nttNo=|idx=|no=\d+),장학|장학금|학자금|등록금|scholarship|tuition|fellowship,,true
korea_020,korea,1,4,28,232,생명과학대학,식품자원경제학과,department,고려대 식품자원경제학과,https://frecon.korea.ac.kr/frecon/news/notice.do,https://frecon.korea.ac.kr,tbody tr,a[href],a[href],"td:last-child, .date, .board-date, .wr_date",,,(mode=view|articleNo=|boardNo=|nttNo=|idx=|no=\d+),장학|장학금|학자금|등록금|scholarship|tuition|fellowship,,true
korea_021,korea,1,5,29,235,정경대학,정치외교학과,department,고려대 정치외교학과,https://politics.korea.ac.kr/kupolitics_kor/community/under_school.do,https://politics.korea.ac.kr,tbody tr,a[href],a[href],"td:last-child, .date, .board-date, .wr_date",,,(mode=view|articleNo=|boardNo=|nttNo=|idx=|no=\d+),장학|장학금|학자금|등록금|scholarship|tuition|fellowship,,true
korea_022,korea,1,5,30,234,정경대학,경제학과,department,고려대 경제학과,https://econ2.korea.ac.kr/econ/community/notice_under.do,https://econ2.korea.ac.kr,tbody tr,a[href],a[href],"td:last-child, .date, .board-date, .wr_date",,,(mode=view|articleNo=|boardNo=|nttNo=|idx=|no=\d+),장학|장학금|학자금|등록금|scholarship|tuition|fellowship,,true
korea_023,korea,1,5,31,236,정경대학,통계학과,department,고려대 통계학과,https://stat.korea.ac.kr/stat/community/notice_under.do,https://stat.korea.ac.kr,tbody tr,a[href],a[href],"td:last-child, .date, .board-date, .wr_date",,,(mode=view|articleNo=|boardNo=|nttNo=|idx=|no=\d+),장학|장학금|학자금|등록금|scholarship|tuition|fellowship,,true
korea_024,korea,1,5,32,237,정경대학,행정학과,department,고려대 행정학과,https://kupa.korea.ac.kr/ko/news/notice.do,https://kupa.korea.ac.kr,tbody tr,a[href],a[href],"td:last-child, .date, .board-date, .wr_date",,,(mode=view|articleNo=|boardNo=|nttNo=|idx=|no=\d+),장학|장학금|학자금|등록금|scholarship|tuition|fellowship,,true
korea_025,korea,1,6,20,239,이과대학,수학과,department,고려대 수학과,https://math.korea.ac.kr/math/intro/total-notice.do,https://math.korea.ac.kr,tbody tr,a[href],a[href],"td:last-child, .date, .board-date, .wr_date",,,(mode=view|articleNo=|boardNo=|nttNo=|idx=|no=\d+),장학|장학금|학자금|등록금|scholarship|tuition|fellowship,,true
korea_026,korea,1,6,21,238,이과대학,물리학과,department,고려대 물리학과,https://physics.korea.ac.kr/physics/community/total-notice.do,https://physics.korea.ac.kr,tbody tr,a[href],a[href],"td:last-child, .date, .board-date, .wr_date",,,(mode=view|articleNo=|boardNo=|nttNo=|idx=|no=\d+),장학|장학금|학자금|등록금|scholarship|tuition|fellowship,,true
korea_027,korea,1,6,22,241,이과대학,화학과,department,고려대 화학과,https://science.korea.ac.kr/science/board/department/notice.do,https://science.korea.ac.kr,tbody tr,a[href],a[href],"td:last-child, .date, .board-date, .wr_date",,,(mode=view|articleNo=|boardNo=|nttNo=|idx=|no=\d+),장학|장학금|학자금|등록금|scholarship|tuition|fellowship,,true
korea_028,korea,1,7,38,251,공과대학,화공생명공학과,department,고려대 화공생명공학과,https://cbe.korea.ac.kr/wp/notice/,https://cbe.korea.ac.kr,,a[href],,,,,,장학|장학금|학자금|등록금|scholarship|tuition|fellowship,,true
korea_029,korea,1,7,33,247,공과대학,신소재공학부,department,고려대 신소재공학부,https://mse.korea.ac.kr/bbs/board.php?bo_table=kor5_1,https://mse.korea.ac.kr,,a[href],,,,,,장학|장학금|학자금|등록금|scholarship|tuition|fellowship,,true
korea_030,korea,1,7,34,242,공과대학,건축사회환경공학부,department,고려대 건축사회환경공학부,https://ace.korea.ac.kr/bbs/board.php?bo_table=sub5_2&sca=%EC%9E%A5%ED%95%99,https://ace.korea.ac.kr,,a[href],,,,,,장학|장학금|학자금|등록금|scholarship|tuition|fellowship,,true
korea_031,korea,1,7,39,243,공과대학,건축학과,department,고려대 건축학과,https://archi.korea.ac.kr/notices/notice.html,https://archi.korea.ac.kr,,a[href],,,,,,장학|장학금|학자금|등록금|scholarship|tuition|fellowship,,true
korea_032,korea,1,7,35,244,공과대학,기계공학부,department,고려대 기계공학부,https://me.korea.ac.kr/community/undernotice_gd.html,https://me.korea.ac.kr,,a[href],,,,,,장학|장학금|학자금|등록금|scholarship|tuition|fellowship,,true
korea_033,korea,1,7,36,246,공과대학,산업경영공학부,department,고려대 산업경영공학부,https://ie.korea.ac.kr/ie/news/notice.do,https://ie.korea.ac.kr,tbody tr,a[href],a[href],"td:last-child, .date, .board-date, .wr_date",,,(mode=view|articleNo=|boardNo=|nttNo=|idx=|no=\d+),장학|장학금|학자금|등록금|scholarship|tuition|fellowship,,true
korea_034,korea,1,7,37,249,공과대학,전기전자공학부,department,고려대 전기전자공학부,https://ee.korea.ac.kr/community/undernotice.html,https://ee.korea.ac.kr,,a[href],,,,,,장학|장학금|학자금|등록금|scholarship|tuition|fellowship,,true
korea_035,korea,1,7,41,248,공과대학,융합에너지공학과,department,고려대 융합에너지공학과,https://ienergy.korea.ac.kr/iee/community/Notice.do,https://ienergy.korea.ac.kr,tbody tr,a[href],a[href],"td:last-child, .date, .board-date, .wr_date",,,(mode=view|articleNo=|boardNo=|nttNo=|idx=|no=\d+),장학|장학금|학자금|등록금|scholarship|tuition|fellowship,,true
korea_036,korea,1,7,40,245,공과대학,반도체공학과,department,고려대 반도체공학과,https://se.korea.ac.kr/sub05/sub05_10.html,https://se.korea.ac.kr,,a[href],,,,,,장학|장학금|학자금|등록금|scholarship|tuition|fellowship,,true
korea_037,korea,1,7,42,250,공과대학,차세대통신학과,department,고려대 차세대통신학과,https://ce.korea.ac.kr/community/notice.html,https://ce.korea.ac.kr,,a[href],,,,,,장학|장학금|학자금|등록금|scholarship|tuition|fellowship,,true
korea_038,korea,1,8,44,253,의과대학,의학과,department,고려대 의학과,https://medicine.korea.ac.kr/kr/college/notice/list.do,https://medicine.korea.ac.kr,tbody tr,a[href],a[href],"td:last-child, .date, .board-date, .wr_date",,,(mode=view|articleNo=|boardNo=|nttNo=|idx=|no=\d+),장학|장학금|학자금|등록금|scholarship|tuition|fellowship,korea_medicine,true
korea_039,korea,1,9,45,255,사범대학,교육학과,department,고려대 교육학과,https://edu.korea.ac.kr/edu/board/notice.do,https://edu.korea.ac.kr,tbody tr,a[href],a[href],"td:last-child, .date, .board-date, .wr_date",,,(mode=view|articleNo=|boardNo=|nttNo=|idx=|no=\d+),장학|장학금|학자금|등록금|scholarship|tuition|fellowship,,true
korea_040,korea,1,9,46,256,사범대학,국어교육과,department,고려대 국어교육과,https://koredu.korea.ac.kr/koredu/notic.do,https://koredu.korea.ac.kr,tbody tr,a[href],a[href],"td:last-child, .date, .board-date, .wr_date",,,(mode=view|articleNo=|boardNo=|nttNo=|idx=|no=\d+),장학|장학금|학자금|등록금|scholarship|tuition|fellowship,,true
korea_041,korea,1,9,47,259,사범대학,영어교육과,department,고려대 영어교육과,https://eled.korea.ac.kr/eled/notice/notice.do,https://eled.korea.ac.kr,tbody tr,a[href],a[href],"td:last-child, .date, .board-date, .wr_date",,,(mode=view|articleNo=|boardNo=|nttNo=|idx=|no=\d+),장학|장학금|학자금|등록금|scholarship|tuition|fellowship,,true
korea_042,korea,1,9,48,260,사범대학,지리교육과,department,고려대 지리교육과,https://geoedu.korea.ac.kr/geoedu/join/notice.do,https://geoedu.korea.ac.kr,tbody tr,a[href],a[href],"td:last-child, .date, .board-date, .wr_date",,,(mode=view|articleNo=|boardNo=|nttNo=|idx=|no=\d+),장학|장학금|학자금|등록금|scholarship|tuition|fellowship,,true
korea_043,korea,1,9,49,258,사범대학,역사교육과,department,고려대 역사교육과,https://hisedu.korea.ac.kr/hisedu/comunity/professor.do,https://hisedu.korea.ac.kr,tbody tr,a[href],a[href],"td:last-child, .date, .board-date, .wr_date",,,(mode=view|articleNo=|boardNo=|nttNo=|idx=|no=\d+),장학|장학금|학자금|등록금|scholarship|tuition|fellowship,,true
korea_044,korea,1,9,50,254,사범대학,가정교육과,department,고려대 가정교육과,https://homedu.korea.ac.kr/homedu/board/notice.do,https://homedu.korea.ac.kr,tbody tr,a[href],a[href],"td:last-child, .date, .board-date, .wr_date",,,(mode=view|articleNo=|boardNo=|nttNo=|idx=|no=\d+),장학|장학금|학자금|등록금|scholarship|tuition|fellowship,,true
korea_045,korea,1,9,51,257,사범대학,수학교육과,department,고려대 수학교육과,https://mathedu.korea.ac.kr/mathedu/community/notice.do,https://mathedu.korea.ac.kr,tbody tr,a[href],a[href],"td:last-child, .date, .board-date, .wr_date",,,(mode=view|articleNo=|boardNo=|nttNo=|idx=|no=\d+),장학|장학금|학자금|등록금|scholarship|tuition|fellowship,,true
korea_046,korea,1,9,52,261,사범대학,체육교육과,department,고려대 체육교육과,https://phyedu.korea.ac.kr/phyedu/reference/notice.do,https://phyedu.korea.ac.kr,tbody tr,a[href],a[href],"td:last-child, .date, .board-date, .wr_date",,,(mode=view|articleNo=|boardNo=|nttNo=|idx=|no=\d+),장학|장학금|학자금|등록금|scholarship|tuition|fellowship,,true
korea_047,korea,1,10,53,262,간호대학,간호학과,department,고려대 간호학과,https://nursing.korea.ac.kr/nursing/community/notice_under.do,https://nursing.korea.ac.kr,tbody tr,a[href],a[href],"td:last-child, .date, .board-date, .wr_date",,,(mode=view|articleNo=|boardNo=|nttNo=|idx=|no=\d+),장학|장학금|학자금|등록금|scholarship|tuition|fellowship,,true
korea_048,korea,1,11,54,265,정보대학,컴퓨터학과,department,고려대 컴퓨터학과,https://cs.korea.ac.kr/cs/board/scholarship_under.do,https://cs.korea.ac.kr,tbody tr,a[href],a[href],"td:last-child, .date, .board-date, .wr_date",,,(mode=view|articleNo=|boardNo=|nttNo=|idx=|no=\d+),장학|장학금|학자금|등록금|scholarship|tuition|fellowship,,true
korea_049,korea,1,11,55,263,정보대학,데이터과학과,department,고려대 데이터과학과,https://datascience.korea.ac.kr/ds/board/scholarship_under.do,https://datascience.korea.ac.kr,tbody tr,a[href],a[href],"td:last-child, .date, .board-date, .wr_date",,,(mode=view|articleNo=|boardNo=|nttNo=|idx=|no=\d+),장학|장학금|학자금|등록금|scholarship|tuition|fellowship,,true
korea_050,korea,1,11,56,264,정보대학,인공지능학과,department,고려대 인공지능학과,https://ai-dept.korea.ac.kr/ai-dept/board/scholarship_under.do,https://ai-dept.korea.ac.kr,tbody tr,a[href],a[href],"td:last-child, .date, .board-date, .wr_date",,,(mode=view|articleNo=|boardNo=|nttNo=|idx=|no=\d+),장학|장학금|학자금|등록금|scholarship|tuition|fellowship,,true
korea_051,korea,1,12,57,266,디자인조형학부,디자인조형학부,department,고려대 디자인조형학부,https://and.korea.ac.kr/kuand/reference/notice.do,https://and.korea.ac.kr,tbody tr,a[href],a[href],"td:last-child, .date, .board-date, .wr_date",,,(mode=view|articleNo=|boardNo=|nttNo=|idx=|no=\d+),장학|장학금|학자금|등록금|scholarship|tuition|fellowship,,true
korea_052,korea,1,13,58,267,국제대학,국제학부,department,고려대 국제학부,https://int.korea.ac.kr/kuis_ko/community/notice_dis.do,https://int.korea.ac.kr,tbody tr,a[href],a[href],"td:last-child, .date, .board-date, .wr_date",,,(mode=view|articleNo=|boardNo=|nttNo=|idx=|no=\d+),장학|장학금|학자금|등록금|scholarship|tuition|fellowship,,true
korea_053,korea,1,15,61,273,보건과학대학,바이오의공학부,department,고려대 바이오의공학부,https://bmeng.korea.ac.kr/notice/undergraduate.html,https://bmeng.korea.ac.kr,,a[href],,,,,,장학|장학금|학자금|등록금|scholarship|tuition|fellowship,,true
korea_054,korea,1,15,62,272,보건과학대학,바이오시스템의과학부,department,고려대 바이오시스템의과학부,https://bsm.korea.ac.kr/notice/undergraduate.html,https://bsm.korea.ac.kr,,a[href],,,,,,장학|장학금|학자금|등록금|scholarship|tuition|fellowship,,true
korea_055,korea,1,15,63,275,보건과학대학,보건환경융합과학부,department,고려대 보건환경융합과학부,https://hes.korea.ac.kr/notice/undergraduate.html,https://hes.korea.ac.kr,,a[href],,,,,,장학|장학금|학자금|등록금|scholarship|tuition|fellowship,,true
korea_056,korea,1,15,64,274,보건과학대학,보건정책관리학부,department,고려대 보건정책관리학부,https://hpm.korea.ac.kr/notice/undergraduate.html,https://hpm.korea.ac.kr,,a[href],,,,,,장학|장학금|학자금|등록금|scholarship|tuition|fellowship,,true
korea_057,korea,1,14,1,271,미디어대학,미디어학부,department,고려대 미디어학부,https://mediacom.korea.ac.kr/board/notice.html,https://mediacom.korea.ac.kr,,a[href],,,,,,장학|장학금|학자금|등록금|scholarship|tuition|fellowship,,true
korea_058,korea,1,18,66,279,심리학부,심리학부,department,고려대 심리학부,https://psy.korea.ac.kr/NewsNEvent/Notice,https://psy.korea.ac.kr,,a[href],,,,,,장학|장학금|학자금|등록금|scholarship|tuition|fellowship,,true
korea_059,korea,1,16,67,276,자유전공학부,자유전공학부,department,고려대 자유전공학부,https://sis.korea.ac.kr/sis/join/notice.do,https://sis.korea.ac.kr,tbody tr,a[href],a[href],"td:last-child, .date, .board-date, .wr_date",,,(mode=view|articleNo=|boardNo=|nttNo=|idx=|no=\d+),장학|장학금|학자금|등록금|scholarship|tuition|fellowship,,true
korea_060,korea,1,17,65,278,스마트보안학부,스마트보안학부,department,고려대 스마트보안학부,https://security.korea.ac.kr/m06_01,https://security.korea.ac.kr,,a[href],,,,,,장학|장학금|학자금|등록금|scholarship|tuition|fellowship,,true
korea_061,korea,1,17,917,277,스마트보안학부,사이버국방학과,department,고려대 사이버국방학과,https://gss.korea.ac.kr/ime/board/cyber_mode.do,https://gss.korea.ac.kr,tbody tr,a[href],a[href],"td:last-child, .date, .board-date, .wr_date",,,(mode=view|articleNo=|boardNo=|nttNo=|idx=|no=\d+),장학|장학금|학자금|등록금|scholarship|tuition|fellowship,,true
korea_062,korea,1,19,68,280,스마트모빌리티학부,스마트모빌리티학부,department,고려대 스마트모빌리티학부,https://mobility.korea.ac.kr/kmbbs/bbs/board.php?bo_table=notice,https://mobility.korea.ac.kr,,a[href],,,,,,장학|장학금|학자금|등록금|scholarship|tuition|fellowship,,true
korea_063,korea,1,20,916,281,학부대학,학부대학,department,고려대 학부대학,https://univ.korea.ac.kr/ge/index.do,https://univ.korea.ac.kr,tbody tr,a[href],a[href],"td:last-child, .date, .board-date, .wr_date",,,(mode=view|articleNo=|boardNo=|nttNo=|idx=|no=\d+),장학|장학금|학자금|등록금|scholarship|tuition|fellowship,,true
korea_064,korea,1,13,60,268,국제대학,글로벌자율학부,department,고려대 글로벌자율학부,https://int.korea.ac.kr/kuis_ko/under/major_GOMD.do,https://int.korea.ac.kr,tbody tr,a[href],a[href],"td:last-child, .date, .board-date, .wr_date",,,(mode=view|articleNo=|boardNo=|nttNo=|idx=|no=\d+),장학|장학금|학자금|등록금|scholarship|tuition|fellowship,,true
korea_065,korea,1,13,59,269,국제대학,글로벌한국융합학부,department,고려대 글로벌한국융합학부,https://int.korea.ac.kr/kuis_ko/community/notice_dis.do,https://int.korea.ac.kr,tbody tr,a[href],a[href],"td:last-child, .date, .board-date, .wr_date",,,(mode=view|articleNo=|boardNo=|nttNo=|idx=|no=\d+),장학|장학금|학자금|등록금|scholarship|tuition|fellowship,,true
korea_066,korea,1,14,2,270,미디어대학,글로벌엔터테인먼트학부,department,고려대 글로벌엔터테인먼트학부,https://mediacom.korea.ac.kr/board/notice.html,https://mediacom.korea.ac.kr,,a[href],,,,,,장학|장학금|학자금|등록금|scholarship|tuition|fellowship,,true
korea_067,korea,1,6,23,240,이과대학,지구환경과학과,department,고려대 지구환경과학과,https://ees.korea.ac.kr/ees/community/notice.do,https://ees.korea.ac.kr,tbody tr,a[href],a[href],"td:last-child, .date, .board-date, .wr_date",,,(mode=view|articleNo=|boardNo=|nttNo=|idx=|no=\d+),장학|장학금|학자금|등록금|scholarship|tuition|fellowship,,true
skku_001,skku,6,90,301,515,,경영학과,department,성균관대 경영학과,https://biz.skku.edu/bizskk/notice.do,https://biz.skku.edu,tbody tr,a[href],a[href],"td:last-child, .date, .board-date, .wr_date",,,(mode=view|articleNo=|boardNo=|nttNo=|idx=|no=\d+),장학|장학금|학자금|등록금|scholarship|tuition|fellowship,,true
skku_002,skku,6,90,302,516,,글로벌경영학과,department,성균관대 글로벌경영학과,https://globalbiz.skku.edu/gba/notice.do,https://globalbiz.skku.edu,tbody tr,a[href],a[href],"td:last-child, .date, .board-date, .wr_date",,,(mode=view|articleNo=|boardNo=|nttNo=|idx=|no=\d+),장학|장학금|학자금|등록금|scholarship|tuition|fellowship,,true
skku_003,skku,6,89,298,512,,경제학과,department,성균관대 경제학과,https://ecostat.skku.edu/ecostat/notice_under.do?mode=list&boardId=138884&article.offset=0&articleLimit=10,https://ecostat.skku.edu,tbody tr,a[href],a[href],"td:last-child, .date, .board-date, .wr_date",,,(mode=view|articleNo=|boardNo=|nttNo=|idx=|no=\d+),장학|장학금|학자금|등록금|scholarship|tuition|fellowship,,true
skku_004,skku,6,89,300,513,,글로벌경제학과,department,성균관대 글로벌경제학과,https://globalecon.skku.edu/gecon/notice.do,https://globalecon.skku.edu,tbody tr,a[href],a[href],"td:last-child, .date, .board-date, .wr_date",,,(mode=view|articleNo=|boardNo=|nttNo=|idx=|no=\d+),장학|장학금|학자금|등록금|scholarship|tuition|fellowship,,true
skku_005,skku,6,89,299,514,,통계학과,department,성균관대 통계학과,https://stat.skku.edu/stat/community/under_notice.do,https://stat.skku.edu,tbody tr,a[href],a[href],"td:last-child, .date, .board-date, .wr_date",,,(mode=view|articleNo=|boardNo=|nttNo=|idx=|no=\d+),장학|장학금|학자금|등록금|scholarship|tuition|fellowship,,true
skku_006,skku,6,96,326,538,,건설환경공학부,department,성균관대 건설환경공학부,https://cal.skku.edu/index.php?hCode=BOARD&bo_idx=17,https://cal.skku.edu,,a[href],,,,,,장학|장학금|학자금|등록금|scholarship|tuition|fellowship,,true
skku_007,skku,6,96,329,539,,건축학과(5년제),department,성균관대 건축학과(5년제),https://arch.skku.edu/arch/NEWS/notice.do,https://arch.skku.edu,tbody tr,a[href],a[href],"td:last-child, .date, .board-date, .wr_date",,,(mode=view|articleNo=|boardNo=|nttNo=|idx=|no=\d+),장학|장학금|학자금|등록금|scholarship|tuition|fellowship,,true
skku_008,skku,6,96,325,540,,기계공학부,department,성균관대 기계공학부,https://mech.skku.edu/me/notice.do,https://mech.skku.edu,tbody tr,a[href],a[href],"td:last-child, .date, .board-date, .wr_date",,,(mode=view|articleNo=|boardNo=|nttNo=|idx=|no=\d+),장학|장학금|학자금|등록금|scholarship|tuition|fellowship,,true
skku_009,skku,6,96,328,541,,나노공학과,department,성균관대 나노공학과,https://nano.skku.edu/bbs/board.php?tbl=bbs42,https://nano.skku.edu,,a[href],,,,,,장학|장학금|학자금|등록금|scholarship|tuition|fellowship,,true
skku_010,skku,6,96,327,542,,시스템경영공학과/산업공학과,department,성균관대 시스템경영공학과/산업공학과,https://sme.skku.edu/iesys/notice.do,https://sme.skku.edu,tbody tr,a[href],a[href],"td:last-child, .date, .board-date, .wr_date",,,(mode=view|articleNo=|boardNo=|nttNo=|idx=|no=\d+),장학|장학금|학자금|등록금|scholarship|tuition|fellowship,,true
skku_011,skku,6,96,340,544,,양자정보공학과,department,성균관대 양자정보공학과,https://qie.skku.edu/qie/notice.do,https://qie.skku.edu,tbody tr,a[href],a[href],"td:last-child, .date, .board-date, .wr_date",,,(mode=view|articleNo=|boardNo=|nttNo=|idx=|no=\d+),장학|장학금|학자금|등록금|scholarship|tuition|fellowship,,true
skku_012,skku,6,96,324,543,,신소재공학부,department,성균관대 신소재공학부,https://amse.skku.edu/AMSE/notice.do,https://amse.skku.edu,tbody tr,a[href],a[href],"td:last-child, .date, .board-date, .wr_date",,,(mode=view|articleNo=|boardNo=|nttNo=|idx=|no=\d+),장학|장학금|학자금|등록금|scholarship|tuition|fellowship,,true
skku_013,skku,6,96,323,545,,화학공학부,department,성균관대 화학공학부,https://cheme.skku.edu/notice/,https://cheme.skku.edu,,a[href],,,,,,장학|장학금|학자금|등록금|scholarship|tuition|fellowship,,true
skku_014,skku,6,87,281,493,,국어국문학과,department,성균관대 국어국문학과,https://skb.skku.edu/korean/community/under_notice.do,https://skb.skku.edu,tbody tr,a[href],a[href],"td:last-child, .date, .board-date, .wr_date",,,(mode=view|articleNo=|boardNo=|nttNo=|idx=|no=\d+),장학|장학금|학자금|등록금|scholarship|tuition|fellowship,,true
skku_015,skku,6,87,285,495,,러시아어문학과,department,성균관대 러시아어문학과,https://russian.skku.edu/russian/deptnews.do,https://russian.skku.edu,tbody tr,a[href],a[href],"td:last-child, .date, .board-date, .wr_date",,,(mode=view|articleNo=|boardNo=|nttNo=|idx=|no=\d+),장학|장학금|학자금|등록금|scholarship|tuition|fellowship,,true
skku_016,skku,6,87,289,496,,문헌정보학과,department,성균관대 문헌정보학과,https://lis.skku.edu/lis/community/under_notice.do,https://lis.skku.edu,tbody tr,a[href],a[href],"td:last-child, .date, .board-date, .wr_date",,,(mode=view|articleNo=|boardNo=|nttNo=|idx=|no=\d+),장학|장학금|학자금|등록금|scholarship|tuition|fellowship,,true
skku_017,skku,6,87,287,497,,사학과,department,성균관대 사학과,https://skb.skku.edu/history/community/under_notice.do,https://skb.skku.edu,tbody tr,a[href],a[href],"td:last-child, .date, .board-date, .wr_date",,,(mode=view|articleNo=|boardNo=|nttNo=|idx=|no=\d+),장학|장학금|학자금|등록금|scholarship|tuition|fellowship,,true
skku_018,skku,6,87,282,498,,영어영문학과,department,성균관대 영어영문학과,https://skb.skku.edu/english/notice.do,https://skb.skku.edu,tbody tr,a[href],a[href],"td:last-child, .date, .board-date, .wr_date",,,(mode=view|articleNo=|boardNo=|nttNo=|idx=|no=\d+),장학|장학금|학자금|등록금|scholarship|tuition|fellowship,,true
skku_019,skku,6,87,288,500,,철학과,department,성균관대 철학과,https://skb.skku.edu/philosophy/community/under_notice.do,https://skb.skku.edu,tbody tr,a[href],a[href],"td:last-child, .date, .board-date, .wr_date",,,(mode=view|articleNo=|boardNo=|nttNo=|idx=|no=\d+),장학|장학금|학자금|등록금|scholarship|tuition|fellowship,,true
skku_020,skku,6,87,906,494,,독어독문학과,department,성균관대 독어독문학과,https://skb.skku.edu/german/04_Community/notice.do,https://skb.skku.edu,tbody tr,a[href],a[href],"td:last-child, .date, .board-date, .wr_date",,,(mode=view|articleNo=|boardNo=|nttNo=|idx=|no=\d+),장학|장학금|학자금|등록금|scholarship|tuition|fellowship,,true
skku_021,skku,6,87,284,499,,중어중문학과,department,성균관대 중어중문학과,https://skb.skku.edu/chinese/undergraduate_notice.do,https://skb.skku.edu,tbody tr,a[href],a[href],"td:last-child, .date, .board-date, .wr_date",,,(mode=view|articleNo=|boardNo=|nttNo=|idx=|no=\d+),장학|장학금|학자금|등록금|scholarship|tuition|fellowship,,true
skku_022,skku,6,87,283,501,,프랑스어문학과,department,성균관대 프랑스어문학과,https://skb.skku.edu/french/community/notice.do,https://skb.skku.edu,tbody tr,a[href],a[href],"td:last-child, .date, .board-date, .wr_date",,,(mode=view|articleNo=|boardNo=|nttNo=|idx=|no=\d+),장학|장학금|학자금|등록금|scholarship|tuition|fellowship,,true
skku_023,skku,6,87,286,502,,한문학과,department,성균관대 한문학과,https://skb.skku.edu/klcc/community/under_notice.do,https://skb.skku.edu,tbody tr,a[href],a[href],"td:last-child, .date, .board-date, .wr_date",,,(mode=view|articleNo=|boardNo=|nttNo=|idx=|no=\d+),장학|장학금|학자금|등록금|scholarship|tuition|fellowship,,true
skku_024,skku,6,91,303,517,,교육학과,department,성균관대 교육학과,https://skb.skku.edu/skku-edu/community/under_notice.do,https://skb.skku.edu,tbody tr,a[href],a[href],"td:last-child, .date, .board-date, .wr_date",,,(mode=view|articleNo=|boardNo=|nttNo=|idx=|no=\d+),장학|장학금|학자금|등록금|scholarship|tuition|fellowship,,true
skku_025,skku,6,91,305,518,,수학교육과,department,성균관대 수학교육과,https://skb.skku.edu/mathedu/notice.do,https://skb.skku.edu,tbody tr,a[href],a[href],"td:last-child, .date, .board-date, .wr_date",,,(mode=view|articleNo=|boardNo=|nttNo=|idx=|no=\d+),장학|장학금|학자금|등록금|scholarship|tuition|fellowship,,true
skku_026,skku,6,91,306,519,,컴퓨터교육과,department,성균관대 컴퓨터교육과,https://comedu.skku.edu/comedu/notice.do,https://comedu.skku.edu,tbody tr,a[href],a[href],"td:last-child, .date, .board-date, .wr_date",,,(mode=view|articleNo=|boardNo=|nttNo=|idx=|no=\d+),장학|장학금|학자금|등록금|scholarship|tuition|fellowship,,true
skku_027,skku,6,91,304,520,,한문교육과,department,성균관대 한문교육과,https://skb.skku.edu/klccedu/community/notice.do,https://skb.skku.edu,tbody tr,a[href],a[href],"td:last-child, .date, .board-date, .wr_date",,,(mode=view|articleNo=|boardNo=|nttNo=|idx=|no=\d+),장학|장학금|학자금|등록금|scholarship|tuition|fellowship,,true
skku_028,skku,6,88,292,504,,미디어커뮤니케이션학과,department,성균관대 미디어커뮤니케이션학과,https://mediacomm.skku.edu/mediacomm/community/notice.do,https://mediacomm.skku.edu,tbody tr,a[href],a[href],"td:last-child, .date, .board-date, .wr_date",,,(mode=view|articleNo=|boardNo=|nttNo=|idx=|no=\d+),장학|장학금|학자금|등록금|scholarship|tuition|fellowship,,true
skku_029,skku,6,88,343,503,,글로벌리더학부,department,성균관대 글로벌리더학부,https://gld.skku.edu/gld/community/notice.do,https://gld.skku.edu,tbody tr,a[href],a[href],"td:last-child, .date, .board-date, .wr_date",,,(mode=view|articleNo=|boardNo=|nttNo=|idx=|no=\d+),장학|장학금|학자금|등록금|scholarship|tuition|fellowship,,true
skku_030,skku,6,88,294,505,,사회복지학과,department,성균관대 사회복지학과,https://skb.skku.edu/welfare/community/notice.do#,https://skb.skku.edu,tbody tr,a[href],a[href],"td:last-child, .date, .board-date, .wr_date",,,(mode=view|articleNo=|boardNo=|nttNo=|idx=|no=\d+),장학|장학금|학자금|등록금|scholarship|tuition|fellowship,,true
skku_031,skku,6,88,293,506,,사회학과,department,성균관대 사회학과,https://soc.skku.edu/soc/notice.do,https://soc.skku.edu,tbody tr,a[href],a[href],"td:last-child, .date, .board-date, .wr_date",,,(mode=view|articleNo=|boardNo=|nttNo=|idx=|no=\d+),장학|장학금|학자금|등록금|scholarship|tuition|fellowship,,true
skku_032,skku,6,88,296,507,,소비자학과,department,성균관대 소비자학과,https://cf.skku.edu/skkucf/community/notice.do,https://cf.skku.edu,tbody tr,a[href],a[href],"td:last-child, .date, .board-date, .wr_date",,,(mode=view|articleNo=|boardNo=|nttNo=|idx=|no=\d+),장학|장학금|학자금|등록금|scholarship|tuition|fellowship,,true
skku_033,skku,6,88,295,508,,심리학과,department,성균관대 심리학과,https://psych.skku.edu/psy/notice_undergraduate.do,https://psych.skku.edu,tbody tr,a[href],a[href],"td:last-child, .date, .board-date, .wr_date",,,(mode=view|articleNo=|boardNo=|nttNo=|idx=|no=\d+),장학|장학금|학자금|등록금|scholarship|tuition|fellowship,,true
skku_034,skku,6,88,297,509,,아동·청소년학과,department,성균관대 아동·청소년학과,https://skb.skku.edu/child/notice.do,https://skb.skku.edu,tbody tr,a[href],a[href],"td:last-child, .date, .board-date, .wr_date",,,(mode=view|articleNo=|boardNo=|nttNo=|idx=|no=\d+),장학|장학금|학자금|등록금|scholarship|tuition|fellowship,,true
skku_035,skku,6,88,291,510,,정치외교학과,department,성균관대 정치외교학과,https://skb.skku.edu/psd/notice.do,https://skb.skku.edu,tbody tr,a[href],a[href],"td:last-child, .date, .board-date, .wr_date",,,(mode=view|articleNo=|boardNo=|nttNo=|idx=|no=\d+),장학|장학금|학자금|등록금|scholarship|tuition|fellowship,,true
skku_036,skku,6,88,290,511,,행정학과,department,성균관대 행정학과,https://gsg.skku.edu/gsg/board/notice.do#,https://gsg.skku.edu,tbody tr,a[href],a[href],"td:last-child, .date, .board-date, .wr_date",,,(mode=view|articleNo=|boardNo=|nttNo=|idx=|no=\d+),장학|장학금|학자금|등록금|scholarship|tuition|fellowship,,true
skku_037,skku,6,94,318,531,,바이오메카트로닉스학과,department,성균관대 바이오메카트로닉스학과,https://skb.skku.edu/biomecha/community/notice.do,https://skb.skku.edu,tbody tr,a[href],a[href],"td:last-child, .date, .board-date, .wr_date",,,(mode=view|articleNo=|boardNo=|nttNo=|idx=|no=\d+),장학|장학금|학자금|등록금|scholarship|tuition|fellowship,,true
skku_038,skku,6,94,317,532,,식품생명공학과,department,성균관대 식품생명공학과,https://skb.skku.edu/foodlife/community/notice.do,https://skb.skku.edu,tbody tr,a[href],a[href],"td:last-child, .date, .board-date, .wr_date",,,(mode=view|articleNo=|boardNo=|nttNo=|idx=|no=\d+),장학|장학금|학자금|등록금|scholarship|tuition|fellowship,,true
skku_039,skku,6,94,319,533,,융합생명공학과,department,성균관대 융합생명공학과,https://skb.skku.edu/gene/community/under_notice.do,https://skb.skku.edu,tbody tr,a[href],a[href],"td:last-child, .date, .board-date, .wr_date",,,(mode=view|articleNo=|boardNo=|nttNo=|idx=|no=\d+),장학|장학금|학자금|등록금|scholarship|tuition|fellowship,,true
skku_040,skku,6,101,337,554,,글로벌바이오메디컬공학과,department,성균관대 글로벌바이오메디컬공학과,https://gbme.skku.edu/gbme/community/under_notice.do,https://gbme.skku.edu,tbody tr,a[href],a[href],"td:last-child, .date, .board-date, .wr_date",,,(mode=view|articleNo=|boardNo=|nttNo=|idx=|no=\d+),장학|장학금|학자금|등록금|scholarship|tuition|fellowship,,true
skku_041,skku,6,101,342,555,,배터리학과,department,성균관대 배터리학과,https://ssbat.skku.edu/ssbat/notice.do,https://ssbat.skku.edu,tbody tr,a[href],a[href],"td:last-child, .date, .board-date, .wr_date",,,(mode=view|articleNo=|boardNo=|nttNo=|idx=|no=\d+),장학|장학금|학자금|등록금|scholarship|tuition|fellowship,,true
skku_042,skku,6,101,338,556,,에너지학과,department,성균관대 에너지학과,https://does.skku.edu/notice,https://does.skku.edu,,a[href],,,,,,장학|장학금|학자금|등록금|scholarship|tuition|fellowship,,true
skku_043,skku,6,101,341,557,,응용AI융합학부,department,성균관대 응용AI융합학부,https://aicon.skku.edu/aicon/notice.do,https://aicon.skku.edu,tbody tr,a[href],a[href],"td:last-child, .date, .board-date, .wr_date",,,(mode=view|articleNo=|boardNo=|nttNo=|idx=|no=\d+),장학|장학금|학자금|등록금|scholarship|tuition|fellowship,,true
skku_044,skku,6,97,331,546,,글로벌융합학부,department,성균관대 글로벌융합학부,https://sco.skku.edu/sco/community/notice.do?mode=list&&articleLimit=10&article.offset=0,https://sco.skku.edu,tbody tr,a[href],a[href],"td:last-child, .date, .board-date, .wr_date",,,(mode=view|articleNo=|boardNo=|nttNo=|idx=|no=\d+),장학|장학금|학자금|등록금|scholarship|tuition|fellowship,,true
skku_045,skku,6,97,330,547,,소프트웨어학과,department,성균관대 소프트웨어학과,https://cse.skku.edu/cse/notice.do,https://cse.skku.edu,tbody tr,a[href],a[href],"td:last-child, .date, .board-date, .wr_date",,,(mode=view|articleNo=|boardNo=|nttNo=|idx=|no=\d+),장학|장학금|학자금|등록금|scholarship|tuition|fellowship,,true
skku_046,skku,6,97,332,548,,지능형소프트웨어학과,department,성균관대 지능형소프트웨어학과,https://intelligentsw.skku.edu/intelligentsw/notice.do,https://intelligentsw.skku.edu,tbody tr,a[href],a[href],"td:last-child, .date, .board-date, .wr_date",,,(mode=view|articleNo=|boardNo=|nttNo=|idx=|no=\d+),장학|장학금|학자금|등록금|scholarship|tuition|fellowship,,true
skku_047,skku,6,100,336,553,,스포츠과학과,department,성균관대 스포츠과학과,https://sport.skku.edu/sports/community/under_notice.do?mode=list&boardId=138884&srSearchKey=&srSearchVal=,https://sport.skku.edu,tbody tr,a[href],a[href],"td:last-child, .date, .board-date, .wr_date",,,(mode=view|articleNo=|boardNo=|nttNo=|idx=|no=\d+),장학|장학금|학자금|등록금|scholarship|tuition|fellowship,,true
skku_048,skku,6,98,333,550,,약학과,department,성균관대 약학과,https://pharm.skku.edu/bbs/board.php?bo_table=notice#subcon,https://pharm.skku.edu,,a[href],,,,,,장학|장학금|학자금|등록금|scholarship|tuition|fellowship,,true
skku_049,skku,6,92,308,521,,디자인학과,department,성균관대 디자인학과,https://design.skku.edu/design/notice_dept.do,https://design.skku.edu,tbody tr,a[href],a[href],"td:last-child, .date, .board-date, .wr_date",,,(mode=view|articleNo=|boardNo=|nttNo=|idx=|no=\d+),장학|장학금|학자금|등록금|scholarship|tuition|fellowship,,true
skku_050,skku,6,92,309,522,,무용학과,department,성균관대 무용학과,https://dance.skku.edu/dance/notice.do?mode=list&srCategoryId1=&srSearchKey=&srSearchVal=,https://dance.skku.edu,tbody tr,a[href],a[href],"td:last-child, .date, .board-date, .wr_date",,,(mode=view|articleNo=|boardNo=|nttNo=|idx=|no=\d+),장학|장학금|학자금|등록금|scholarship|tuition|fellowship,,true
skku_051,skku,6,92,307,523,,미술학과,department,성균관대 미술학과,https://art.skku.edu/art/notice_dept.do,https://art.skku.edu,tbody tr,a[href],a[href],"td:last-child, .date, .board-date, .wr_date",,,(mode=view|articleNo=|boardNo=|nttNo=|idx=|no=\d+),장학|장학금|학자금|등록금|scholarship|tuition|fellowship,,true
skku_052,skku,6,92,311,524,,연기예술학과,department,성균관대 연기예술학과,https://acting.skku.edu/acting/notice.do,https://acting.skku.edu,tbody tr,a[href],a[href],"td:last-child, .date, .board-date, .wr_date",,,(mode=view|articleNo=|boardNo=|nttNo=|idx=|no=\d+),장학|장학금|학자금|등록금|scholarship|tuition|fellowship,,true
skku_053,skku,6,92,310,525,,영상학과,department,성균관대 영상학과,https://ott.skku.edu/ftm-skku-edu/notice,https://ott.skku.edu,,a[href],,,,,,장학|장학금|학자금|등록금|scholarship|tuition|fellowship,,true
skku_054,skku,6,92,312,526,,의상학과,department,성균관대 의상학과,https://fashion.skku.edu/fashion/notice.do?mode=list&srCategoryId1=267&srSearchKey=&srSearchVal=,https://fashion.skku.edu,tbody tr,a[href],a[href],"td:last-child, .date, .board-date, .wr_date",,,(mode=view|articleNo=|boardNo=|nttNo=|idx=|no=\d+),장학|장학금|학자금|등록금|scholarship|tuition|fellowship,,true
skku_055,skku,6,86,280,492,,유학·동양학과,department,성균관대 유학·동양학과,https://scos.skku.edu/scos/community/under_notice.do?mode=list&boardId=138884&srSearchKey=&srSearchVal=,https://scos.skku.edu,tbody tr,a[href],a[href],"td:last-child, .date, .board-date, .wr_date",,,(mode=view|articleNo=|boardNo=|nttNo=|idx=|no=\d+),장학|장학금|학자금|등록금|scholarship|tuition|fellowship,,true
skku_056,skku,6,99,334,551,,의예과,department,성균관대 의예과,https://www.skkumed.ac.kr/community_notice.asp,https://www.skkumed.ac.kr,,a[href],,,,,,장학|장학금|학자금|등록금|scholarship|tuition|fellowship,,true
skku_057,skku,6,99,335,552,,의학과,department,성균관대 의학과,https://www.skkumed.ac.kr/community_notice.asp,https://www.skkumed.ac.kr,,a[href],,,,,,장학|장학금|학자금|등록금|scholarship|tuition|fellowship,,true
skku_058,skku,6,93,315,527,,물리학과,department,성균관대 물리학과,https://skb.skku.edu/physics/index.do,https://skb.skku.edu,tbody tr,a[href],a[href],"td:last-child, .date, .board-date, .wr_date",,,(mode=view|articleNo=|boardNo=|nttNo=|idx=|no=\d+),장학|장학금|학자금|등록금|scholarship|tuition|fellowship,,true
skku_059,skku,6,93,313,528,,생명과학과,department,성균관대 생명과학과,https://bio.skku.edu/bbs/board.php?bo_table=N4,https://bio.skku.edu,,a[href],,,,,,장학|장학금|학자금|등록금|scholarship|tuition|fellowship,,true
skku_060,skku,6,93,314,529,,수학과,department,성균관대 수학과,https://math.skku.edu/math/community/under_notice.do,https://math.skku.edu,tbody tr,a[href],a[href],"td:last-child, .date, .board-date, .wr_date",,,(mode=view|articleNo=|boardNo=|nttNo=|idx=|no=\d+),장학|장학금|학자금|등록금|scholarship|tuition|fellowship,,true
skku_061,skku,6,93,316,530,,화학과,department,성균관대 화학과,https://chem.skku.edu/chem/News/notice.do,https://chem.skku.edu,tbody tr,a[href],a[href],"td:last-child, .date, .board-date, .wr_date",,,(mode=view|articleNo=|boardNo=|nttNo=|idx=|no=\d+),장학|장학금|학자금|등록금|scholarship|tuition|fellowship,,true
skku_062,skku,6,95,322,534,,반도체시스템공학과,department,성균관대 반도체시스템공학과,https://semi.skku.edu/semi/community/notice.do?mode=list&srCategoryId1=1305&srSearchKey=&srSearchVal=,https://semi.skku.edu,tbody tr,a[href],a[href],"td:last-child, .date, .board-date, .wr_date",,,(mode=view|articleNo=|boardNo=|nttNo=|idx=|no=\d+),장학|장학금|학자금|등록금|scholarship|tuition|fellowship,,true
skku_063,skku,6,95,321,536,,소재부품융합공학과,department,성균관대 소재부품융합공학과,https://skb.skku.edu/mcce/notice.do,https://skb.skku.edu,tbody tr,a[href],a[href],"td:last-child, .date, .board-date, .wr_date",,,(mode=view|articleNo=|boardNo=|nttNo=|idx=|no=\d+),장학|장학금|학자금|등록금|scholarship|tuition|fellowship,,true
skku_064,skku,6,95,320,537,,전자전기공학부,department,성균관대 전자전기공학부,https://eee.skku.edu/eee/notice.do,https://eee.skku.edu,tbody tr,a[href],a[href],"td:last-child, .date, .board-date, .wr_date",,,(mode=view|articleNo=|boardNo=|nttNo=|idx=|no=\d+),장학|장학금|학자금|등록금|scholarship|tuition|fellowship,,true
skku_065,skku,6,95,907,535,,반도체융합공학과,department,성균관대 반도체융합공학과,https://sce.skku.edu/sce/notice.do,https://sce.skku.edu,tbody tr,a[href],a[href],"td:last-child, .date, .board-date, .wr_date",,,(mode=view|articleNo=|boardNo=|nttNo=|idx=|no=\d+),장학|장학금|학자금|등록금|scholarship|tuition|fellowship,,true
skku_066,skku,6,89,,1123,,퀀트응용경제학과,department,성균관대 퀀트응용경제학과,https://ecostat.skku.edu/ecostat/notice_under.do?mode=list&boardId=138884&article.offset=0&articleLimit=10,https://ecostat.skku.edu,tbody tr,a[href],a[href],"td:last-child, .date, .board-date, .wr_date",,,(mode=view|articleNo=|boardNo=|nttNo=|idx=|no=\d+),장학|장학금|학자금|등록금|scholarship|tuition|fellowship,,true
skku_067,skku,6,89,,1124,,무역학과,department,성균관대 무역학과,https://ecostat.skku.edu/ecostat/notice_under.do?mode=list&boardId=138884&article.offset=0&articleLimit=10,https://ecostat.skku.edu,tbody tr,a[href],a[href],"td:last-child, .date, .board-date, .wr_date",,,(mode=view|articleNo=|boardNo=|nttNo=|idx=|no=\d+),장학|장학금|학자금|등록금|scholarship|tuition|fellowship,,true
skku_068,skku,6,98,919,549,,바이오신약·규제과학과,department,성균관대 바이오신약·규제과학과,https://pharm.skku.edu/bbs/board.php?bo_table=notice,https://pharm.skku.edu,,a[href],,,,,,장학|장학금|학자금|등록금|scholarship|tuition|fellowship,,true
uos_001,uos,11,178,702,914,,조경학과,department,시립대 조경학과,https://lauos.or.kr/notice,https://lauos.or.kr,,a[href],,,,,,장학|장학금|학자금|등록금|scholarship|tuition|fellowship,,true
uos_002,uos,11,176,687,896,,국사학과,department,시립대 국사학과,https://www.uos.ac.kr/liberalarts/korNotice/allList.do?list_id=human01&cate_id2=000010069,https://www.uos.ac.kr,tbody tr,a[href],a[href],"td:last-child, .date, .board-date, .wr_date",,,(mode=view|articleNo=|boardNo=|nttNo=|idx=|no=\d+),장학|장학금|학자금|등록금|scholarship|tuition|fellowship,,true
uos_003,uos,11,178,698,907,,건축학부(건축공학전공),department,시립대 건축학부(건축공학전공),https://www.uos.ac.kr/urbansciences/ae/korNotice/allList.do?list_id=urbansciences01,https://www.uos.ac.kr,tbody tr,a[href],a[href],"td:last-child, .date, .board-date, .wr_date",,,(mode=view|articleNo=|boardNo=|nttNo=|idx=|no=\d+),장학|장학금|학자금|등록금|scholarship|tuition|fellowship,,true
uos_004,uos,11,173,674,883,,경제학부,department,시립대 경제학부,https://klcp.uos.ac.kr/social/korNotice/allList.do?list_id=econo01&cate_id2=000010057,https://klcp.uos.ac.kr,tbody tr,a[href],a[href],"td:last-child, .date, .board-date, .wr_date",,,(mode=view|articleNo=|boardNo=|nttNo=|idx=|no=\d+),장학|장학금|학자금|등록금|scholarship|tuition|fellowship,,true
uos_005,uos,11,175,682,894,,토목공학과,department,시립대 토목공학과,https://www.uos.ac.kr/engineering/korNotice/allList.do?list_id=20013DA1&cate_id2=000010382,https://www.uos.ac.kr,tbody tr,a[href],a[href],"td:last-child, .date, .board-date, .wr_date",,,(mode=view|articleNo=|boardNo=|nttNo=|idx=|no=\d+),장학|장학금|학자금|등록금|scholarship|tuition|fellowship,,true
uos_006,uos,11,175,679,895,,화학공학과,department,시립대 화학공학과,https://cheme.uos.ac.kr/bbs/board.php?bo_table=notice,https://cheme.uos.ac.kr,,a[href],,,,,,장학|장학금|학자금|등록금|scholarship|tuition|fellowship,,true
uos_007,uos,11,178,700,911,,도시공학과,department,시립대 도시공학과,https://www.uos.ac.kr/urbansciences/urban/korNotice/allList.do?list_id=urbansciences01,https://www.uos.ac.kr,tbody tr,a[href],a[href],"td:last-child, .date, .board-date, .wr_date",,,(mode=view|articleNo=|boardNo=|nttNo=|idx=|no=\d+),장학|장학금|학자금|등록금|scholarship|tuition|fellowship,,true
uos_008,uos,11,175,684,891,,인공지능학과,department,시립대 인공지능학과,https://www.uos.ac.kr/engineering/korNotice/allList.do?list_id=20013DA1&cate_id2=000010085,https://www.uos.ac.kr,tbody tr,a[href],a[href],"td:last-child, .date, .board-date, .wr_date",,,(mode=view|articleNo=|boardNo=|nttNo=|idx=|no=\d+),장학|장학금|학자금|등록금|scholarship|tuition|fellowship,,true
uos_009,uos,11,177,690,903,,수학과,department,시립대 수학과,https://www.uos.ac.kr/science/korNotice/allList.do?list_id=scien01&cate_id2=000010064,https://www.uos.ac.kr,tbody tr,a[href],a[href],"td:last-child, .date, .board-date, .wr_date",,,(mode=view|articleNo=|boardNo=|nttNo=|idx=|no=\d+),장학|장학금|학자금|등록금|scholarship|tuition|fellowship,,true
uos_010,uos,11,175,678,892,,전자전기컴퓨터공학부,department,시립대 전자전기컴퓨터공학부,https://www.uos.ac.kr/engineering/korNotice/allList.do?list_id=20013DA1&cate_id2=000010058,https://www.uos.ac.kr,tbody tr,a[href],a[href],"td:last-child, .date, .board-date, .wr_date",,,(mode=view|articleNo=|boardNo=|nttNo=|idx=|no=\d+),장학|장학금|학자금|등록금|scholarship|tuition|fellowship,,true
uos_011,uos,11,176,688,900,,철학과,department,시립대 철학과,https://www.uos.ac.kr/liberalarts/korNotice/allList.do?list_id=human01&cate_id2=000010070,https://www.uos.ac.kr,tbody tr,a[href],a[href],"td:last-child, .date, .board-date, .wr_date",,,(mode=view|articleNo=|boardNo=|nttNo=|idx=|no=\d+),장학|장학금|학자금|등록금|scholarship|tuition|fellowship,,true
uos_012,uos,11,177,692,901,,물리학과,department,시립대 물리학과,https://www.uos.ac.kr/science/korNotice/allList.do?list_id=scien01&cate_id2=000010065,https://www.uos.ac.kr,tbody tr,a[href],a[href],"td:last-child, .date, .board-date, .wr_date",,,(mode=view|articleNo=|boardNo=|nttNo=|idx=|no=\d+),장학|장학금|학자금|등록금|scholarship|tuition|fellowship,,true
uos_013,uos,11,177,693,902,,생명과학과,department,시립대 생명과학과,https://lifesci.uos.ac.kr/community/notice,https://lifesci.uos.ac.kr,,a[href],,,,,,장학|장학금|학자금|등록금|scholarship|tuition|fellowship,,true
uos_014,uos,11,173,672,887,,행정학과,department,시립대 행정학과,https://klcp.uos.ac.kr/social/korNotice/allList.do?list_id=econo01&cate_id2=000100002,https://klcp.uos.ac.kr,tbody tr,a[href],a[href],"td:last-child, .date, .board-date, .wr_date",,,(mode=view|articleNo=|boardNo=|nttNo=|idx=|no=\d+),장학|장학금|학자금|등록금|scholarship|tuition|fellowship,,true
uos_015,uos,11,177,691,905,,통계학과,department,시립대 통계학과,https://www.uos.ac.kr/science/korNotice/allList.do?list_id=scien01&cate_id2=000010063,https://www.uos.ac.kr,tbody tr,a[href],a[href],"td:last-child, .date, .board-date, .wr_date",,,(mode=view|articleNo=|boardNo=|nttNo=|idx=|no=\d+),장학|장학금|학자금|등록금|scholarship|tuition|fellowship,,true
uos_016,uos,11,178,696,913,,도시행정학과,department,시립대 도시행정학과,https://www.uos.ac.kr/urbansciences/urbanadmin/korNotice/allList.do?list_id=urbansciences01,https://www.uos.ac.kr,tbody tr,a[href],a[href],"td:last-child, .date, .board-date, .wr_date",,,(mode=view|articleNo=|boardNo=|nttNo=|idx=|no=\d+),장학|장학금|학자금|등록금|scholarship|tuition|fellowship,,true
uos_017,uos,11,175,680,889,,기계정보공학과,department,시립대 기계정보공학과,https://www.uos.ac.kr/engineering/korNotice/allList.do?list_id=20013DA1&cate_id2=000010060,https://www.uos.ac.kr,tbody tr,a[href],a[href],"td:last-child, .date, .board-date, .wr_date",,,(mode=view|articleNo=|boardNo=|nttNo=|idx=|no=\d+),장학|장학금|학자금|등록금|scholarship|tuition|fellowship,,true
uos_018,uos,11,178,701,910,,교통공학과,department,시립대 교통공학과,https://www.uos.ac.kr/urbansciences/transport/korNotice/allList.do?list_id=urbansciences01,https://www.uos.ac.kr,tbody tr,a[href],a[href],"td:last-child, .date, .board-date, .wr_date",,,(mode=view|articleNo=|boardNo=|nttNo=|idx=|no=\d+),장학|장학금|학자금|등록금|scholarship|tuition|fellowship,,true
uos_019,uos,11,178,703,915,,환경공학부,department,시립대 환경공학부,https://www.uos.ac.kr/urbansciences/env/korNotice/allList.do?list_id=urbansciences01,https://www.uos.ac.kr,tbody tr,a[href],a[href],"td:last-child, .date, .board-date, .wr_date",,,(mode=view|articleNo=|boardNo=|nttNo=|idx=|no=\d+),장학|장학금|학자금|등록금|scholarship|tuition|fellowship,,true
uos_020,uos,11,181,714,925,,지능형반도체전공,department,시립대 지능형반도체전공,https://www.uos.ac.kr/clacds/afs/korNotice/allList.do?list_id=clacds01,https://www.uos.ac.kr,tbody tr,a[href],a[href],"td:last-child, .date, .board-date, .wr_date",,,(mode=view|articleNo=|boardNo=|nttNo=|idx=|no=\d+),장학|장학금|학자금|등록금|scholarship|tuition|fellowship,,true
uos_021,uos,11,175,683,893,,컴퓨터과학부,department,시립대 컴퓨터과학부,https://www.uos.ac.kr/engineering/korNotice/allList.do?list_id=20013DA1&cate_id2=000010383,https://www.uos.ac.kr,tbody tr,a[href],a[href],"td:last-child, .date, .board-date, .wr_date",,,(mode=view|articleNo=|boardNo=|nttNo=|idx=|no=\d+),장학|장학금|학자금|등록금|scholarship|tuition|fellowship,,true
uos_022,uos,11,174,677,888,,경영학부,department,시립대 경영학부,https://biz.uos.ac.kr/biz/web/bbs/biz_not01/list,https://biz.uos.ac.kr,,a[href],,,,,,장학|장학금|학자금|등록금|scholarship|tuition|fellowship,,true
uos_023,uos,11,175,681,890,,신소재공학과,department,시립대 신소재공학과,https://www.uos.ac.kr/engineering/korNotice/allList.do?list_id=20013DA1&cate_id2=000010061,https://www.uos.ac.kr,tbody tr,a[href],a[href],"td:last-child, .date, .board-date, .wr_date",,,(mode=view|articleNo=|boardNo=|nttNo=|idx=|no=\d+),장학|장학금|학자금|등록금|scholarship|tuition|fellowship,,true
uos_024,uos,11,179,705,919,,음악학과,department,시립대 음악학과,https://www.uos.ac.kr/artandsport/music/korNotice/allList.do?list_id=artandsport01,https://www.uos.ac.kr,tbody tr,a[href],a[href],"td:last-child, .date, .board-date, .wr_date",,,(mode=view|articleNo=|boardNo=|nttNo=|idx=|no=\d+),장학|장학금|학자금|등록금|scholarship|tuition|fellowship,,true
uos_025,uos,11,180,,173,,자유전공학부,department,시립대 자유전공학부,https://www.uos.ac.kr/clacds/libe/korNotice/allList.do?list_id=clacds01,https://www.uos.ac.kr,tbody tr,a[href],a[href],"td:last-child, .date, .board-date, .wr_date",,,(mode=view|articleNo=|boardNo=|nttNo=|idx=|no=\d+),장학|장학금|학자금|등록금|scholarship|tuition|fellowship,,true
uos_026,uos,11,179,708,920,,조각학과,department,시립대 조각학과,https://www.uos.ac.kr/artandsport/sculpture/korNotice/allList.do?list_id=artandsport01,https://www.uos.ac.kr,tbody tr,a[href],a[href],"td:last-child, .date, .board-date, .wr_date",,,(mode=view|articleNo=|boardNo=|nttNo=|idx=|no=\d+),장학|장학금|학자금|등록금|scholarship|tuition|fellowship,,true
uos_027,uos,11,173,675,885,,사회복지학과,department,시립대 사회복지학과,https://klcp.uos.ac.kr/social/korNotice/allList.do?list_id=econo01&cate_id2=000010072,https://klcp.uos.ac.kr,tbody tr,a[href],a[href],"td:last-child, .date, .board-date, .wr_date",,,(mode=view|articleNo=|boardNo=|nttNo=|idx=|no=\d+),장학|장학금|학자금|등록금|scholarship|tuition|fellowship,,true
uos_028,uos,11,179,709,918,,스포츠과학과,department,시립대 스포츠과학과,https://www.uos.ac.kr/artandsport/sports/korNotice/allList.do?list_id=artandsport01,https://www.uos.ac.kr,tbody tr,a[href],a[href],"td:last-child, .date, .board-date, .wr_date",,,(mode=view|articleNo=|boardNo=|nttNo=|idx=|no=\d+),장학|장학금|학자금|등록금|scholarship|tuition|fellowship,,true
uos_029,uos,11,176,685,898,,영어영문학과,department,시립대 영어영문학과,https://www.uos.ac.kr/liberalarts/korNotice/allList.do?list_id=human01&cate_id2=000010067,https://www.uos.ac.kr,tbody tr,a[href],a[href],"td:last-child, .date, .board-date, .wr_date",,,(mode=view|articleNo=|boardNo=|nttNo=|idx=|no=\d+),장학|장학금|학자금|등록금|scholarship|tuition|fellowship,,true
uos_030,uos,11,178,704,909,,공간정보공학과,department,시립대 공간정보공학과,https://www.uos.ac.kr/urbansciences/geoinfo/korNotice/allList.do?list_id=urbansciences01,https://www.uos.ac.kr,tbody tr,a[href],a[href],"td:last-child, .date, .board-date, .wr_date",,,(mode=view|articleNo=|boardNo=|nttNo=|idx=|no=\d+),장학|장학금|학자금|등록금|scholarship|tuition|fellowship,,true
uos_031,uos,11,176,686,897,,국어국문학과,department,시립대 국어국문학과,https://www.uos.ac.kr/liberalarts/korNotice/allList.do?list_id=human01&cate_id2=000010068,https://www.uos.ac.kr,tbody tr,a[href],a[href],"td:last-child, .date, .board-date, .wr_date",,,(mode=view|articleNo=|boardNo=|nttNo=|idx=|no=\d+),장학|장학금|학자금|등록금|scholarship|tuition|fellowship,,true
uos_032,uos,11,181,712,923,,융합바이오헬스전공,department,시립대 융합바이오헬스전공,https://www.uos.ac.kr/clacds/afs/korNotice/allList.do?list_id=clacds01,https://www.uos.ac.kr,tbody tr,a[href],a[href],"td:last-child, .date, .board-date, .wr_date",,,(mode=view|articleNo=|boardNo=|nttNo=|idx=|no=\d+),장학|장학금|학자금|등록금|scholarship|tuition|fellowship,,true
uos_033,uos,11,176,689,899,,중국어문화학과,department,시립대 중국어문화학과,https://www.uos.ac.kr/liberalarts/korNotice/allList.do?list_id=human01&cate_id2=000011580,https://www.uos.ac.kr,tbody tr,a[href],a[href],"td:last-child, .date, .board-date, .wr_date",,,(mode=view|articleNo=|boardNo=|nttNo=|idx=|no=\d+),장학|장학금|학자금|등록금|scholarship|tuition|fellowship,,true
uos_034,uos,11,173,673,884,,국제관계학과,department,시립대 국제관계학과,https://klcp.uos.ac.kr/social/korNotice/allList.do?list_id=econo01&cate_id2=000010055,https://klcp.uos.ac.kr,tbody tr,a[href],a[href],"td:last-child, .date, .board-date, .wr_date",,,(mode=view|articleNo=|boardNo=|nttNo=|idx=|no=\d+),장학|장학금|학자금|등록금|scholarship|tuition|fellowship,,true
uos_035,uos,11,179,,1125,,디자인학과,department,시립대 디자인학과,https://www.uos.ac.kr/artandsport/design/korNotice/allList.do?list_id=artandsport01,https://www.uos.ac.kr,tbody tr,a[href],a[href],"td:last-child, .date, .board-date, .wr_date",,,(mode=view|articleNo=|boardNo=|nttNo=|idx=|no=\d+),장학|장학금|학자금|등록금|scholarship|tuition|fellowship,,true
uos_036,uos,11,178,697,912,,도시사회학과,department,시립대 도시사회학과,https://www.uos.ac.kr/urbansciences/usocio/korNotice/allList.do?list_id=urbansciences01,https://www.uos.ac.kr,tbody tr,a[href],a[href],"td:last-child, .date, .board-date, .wr_date",,,(mode=view|articleNo=|boardNo=|nttNo=|idx=|no=\d+),장학|장학금|학자금|등록금|scholarship|tuition|fellowship,,true
uos_037,uos,11,173,676,886,,세무학과,department,시립대 세무학과,https://klcp.uos.ac.kr/social/korNotice/allList.do?list_id=econo01&cate_id2=000100074,https://klcp.uos.ac.kr,tbody tr,a[href],a[href],"td:last-child, .date, .board-date, .wr_date",,,(mode=view|articleNo=|boardNo=|nttNo=|idx=|no=\d+),장학|장학금|학자금|등록금|scholarship|tuition|fellowship,,true
uos_038,uos,11,177,695,904,,융합응용화학과,department,시립대 융합응용화학과,https://www.uos.ac.kr/science/korNotice/allList.do?list_id=scien01&cate_id2=000010086,https://www.uos.ac.kr,tbody tr,a[href],a[href],"td:last-child, .date, .board-date, .wr_date",,,(mode=view|articleNo=|boardNo=|nttNo=|idx=|no=\d+),장학|장학금|학자금|등록금|scholarship|tuition|fellowship,,true
uos_039,uos,11,177,694,906,,환경원예학과,department,시립대 환경원예학과,https://www.uos.ac.kr/science/korNotice/allList.do?list_id=scien01&cate_id2=000010062,https://www.uos.ac.kr,tbody tr,a[href],a[href],"td:last-child, .date, .board-date, .wr_date",,,(mode=view|articleNo=|boardNo=|nttNo=|idx=|no=\d+),장학|장학금|학자금|등록금|scholarship|tuition|fellowship,,true
uos_040,uos,11,178,699,908,,건축학부(건축학전공),department,시립대 건축학부(건축학전공),https://uosarch.ac.kr/board/notice/,https://uosarch.ac.kr,,a[href],,,,,,장학|장학금|학자금|등록금|scholarship|tuition|fellowship,,true
uos_041,uos,11,181,713,926,,첨단인공지능전공,department,시립대 첨단인공지능전공,https://www.uos.ac.kr/clacds/afs/korNotice/allList.do?list_id=clacds01,https://www.uos.ac.kr,tbody tr,a[href],a[href],"td:last-child, .date, .board-date, .wr_date",,,(mode=view|articleNo=|boardNo=|nttNo=|idx=|no=\d+),장학|장학금|학자금|등록금|scholarship|tuition|fellowship,,true
uos_042,uos,11,181,922,924,,융합전공학부,department,시립대 융합전공학부,https://www.uos.ac.kr/clacds/cds/korNotice/allList.do?list_id=clacds01,https://www.uos.ac.kr,tbody tr,a[href],a[href],"td:last-child, .date, .board-date, .wr_date",,,(mode=view|articleNo=|boardNo=|nttNo=|idx=|no=\d+),장학|장학금|학자금|등록금|scholarship|tuition|fellowship,,true
yonsei_001,yonsei,3,41,70,282,문과대학,국어국문학과,department,연세대 국어국문학과,https://koreanlit.yonsei.ac.kr/korean/notice01.do,https://koreanlit.yonsei.ac.kr,"tbody tr, .board-list li, .notice-list li",a[href],a[href],"td:last-child, .date, .board-date, .wr_date, time",,".date, .board-date, .wr_date, time",(mode=view|articleNo=|boardNo=|nttNo=|idx=|no=\d+|wr_id=\d+|b_idx=\d+|seq=\d+),장학|장학금|학자금|등록금|scholarship|tuition|fellowship,,true
yonsei_002,yonsei,3,41,72,289,문과대학,영어영문학과,department,연세대 영어영문학과,https://ysenglish.yonsei.ac.kr/ysenglish/process/process.do,https://ysenglish.yonsei.ac.kr,"tbody tr, .board-list li, .notice-list li",a[href],a[href],"td:last-child, .date, .board-date, .wr_date, time",,".date, .board-date, .wr_date, time",(mode=view|articleNo=|boardNo=|nttNo=|idx=|no=\d+|wr_id=\d+|b_idx=\d+|seq=\d+),장학|장학금|학자금|등록금|scholarship|tuition|fellowship,,true
yonsei_003,yonsei,3,41,73,284,문과대학,독어독문학과,department,연세대 독어독문학과,https://ysgerman.yonsei.ac.kr/ysgerman/ger_notice.do,https://ysgerman.yonsei.ac.kr,"tbody tr, .board-list li, .notice-list li",a[href],a[href],"td:last-child, .date, .board-date, .wr_date, time",,".date, .board-date, .wr_date, time",(mode=view|articleNo=|boardNo=|nttNo=|idx=|no=\d+|wr_id=\d+|b_idx=\d+|seq=\d+),장학|장학금|학자금|등록금|scholarship|tuition|fellowship,,true
yonsei_004,yonsei,3,41,74,286,문과대학,불어불문학과,department,연세대 불어불문학과,https://franys.yonsei.ac.kr/franys/notice.do,https://franys.yonsei.ac.kr,"tbody tr, .board-list li, .notice-list li",a[href],a[href],"td:last-child, .date, .board-date, .wr_date, time",,".date, .board-date, .wr_date, time",(mode=view|articleNo=|boardNo=|nttNo=|idx=|no=\d+|wr_id=\d+|b_idx=\d+|seq=\d+),장학|장학금|학자금|등록금|scholarship|tuition|fellowship,,true
yonsei_005,yonsei,3,41,71,290,문과대학,중어중문학과,department,연세대 중어중문학과,https://ycll.yonsei.ac.kr/yonseicll/board03.do,https://ycll.yonsei.ac.kr,"tbody tr, .board-list li, .notice-list li",a[href],a[href],"td:last-child, .date, .board-date, .wr_date, time",,".date, .board-date, .wr_date, time",(mode=view|articleNo=|boardNo=|nttNo=|idx=|no=\d+|wr_id=\d+|b_idx=\d+|seq=\d+),장학|장학금|학자금|등록금|scholarship|tuition|fellowship,,true
yonsei_006,yonsei,3,41,75,283,문과대학,노어노문학과,department,연세대 노어노문학과,https://rus.yonsei.ac.kr/russia/borad_main.do,https://rus.yonsei.ac.kr,"tbody tr, .board-list li, .notice-list li",a[href],a[href],"td:last-child, .date, .board-date, .wr_date, time",,".date, .board-date, .wr_date, time",(mode=view|articleNo=|boardNo=|nttNo=|idx=|no=\d+|wr_id=\d+|b_idx=\d+|seq=\d+),장학|장학금|학자금|등록금|scholarship|tuition|fellowship,,true
yonsei_007,yonsei,3,41,76,287,문과대학,사학과,department,연세대 사학과,https://history.yonsei.ac.kr/histroy/02_announce/notice.do,https://history.yonsei.ac.kr,"tbody tr, .board-list li, .notice-list li",a[href],a[href],"td:last-child, .date, .board-date, .wr_date, time",,".date, .board-date, .wr_date, time",(mode=view|articleNo=|boardNo=|nttNo=|idx=|no=\d+|wr_id=\d+|b_idx=\d+|seq=\d+),장학|장학금|학자금|등록금|scholarship|tuition|fellowship,,true
yonsei_008,yonsei,3,41,77,291,문과대학,철학과,department,연세대 철학과,https://philosophy.yonsei.ac.kr/cholhak/process/process.do,https://philosophy.yonsei.ac.kr,"tbody tr, .board-list li, .notice-list li",a[href],a[href],"td:last-child, .date, .board-date, .wr_date, time",,".date, .board-date, .wr_date, time",(mode=view|articleNo=|boardNo=|nttNo=|idx=|no=\d+|wr_id=\d+|b_idx=\d+|seq=\d+),장학|장학금|학자금|등록금|scholarship|tuition|fellowship,,true
yonsei_009,yonsei,3,41,78,285,문과대학,문헌정보학과,department,연세대 문헌정보학과,https://yslis.yonsei.ac.kr/doai/board/notice.do,https://yslis.yonsei.ac.kr,"tbody tr, .board-list li, .notice-list li",a[href],a[href],"td:last-child, .date, .board-date, .wr_date, time",,".date, .board-date, .wr_date, time",(mode=view|articleNo=|boardNo=|nttNo=|idx=|no=\d+|wr_id=\d+|b_idx=\d+|seq=\d+),장학|장학금|학자금|등록금|scholarship|tuition|fellowship,,true
yonsei_010,yonsei,3,41,79,288,문과대학,심리학과,department,연세대 심리학과,https://psychsci.yonsei.ac.kr/%EC%97%B0%EC%84%B8%EC%8B%AC%EB%A6%AC/%EA%B3%B5%EC%A7%80%EC%82%AC%ED%95%AD,https://psychsci.yonsei.ac.kr,,a[href],,,,,,장학|장학금|학자금|등록금|scholarship|tuition|fellowship,,true
yonsei_011,yonsei,3,42,80,292,상경대학,경제학부,department,연세대 경제학부,https://economics.yonsei.ac.kr/economics/community/under_notice.do,https://economics.yonsei.ac.kr,"tbody tr, .board-list li, .notice-list li",a[href],a[href],"td:last-child, .date, .board-date, .wr_date, time",,".date, .board-date, .wr_date, time",(mode=view|articleNo=|boardNo=|nttNo=|idx=|no=\d+|wr_id=\d+|b_idx=\d+|seq=\d+),장학|장학금|학자금|등록금|scholarship|tuition|fellowship,,true
yonsei_012,yonsei,3,42,81,293,상경대학,응용통계학과,department,연세대 응용통계학과,https://ymc.yonsei.ac.kr/stat/board/under_notice.do,https://ymc.yonsei.ac.kr,"tbody tr, .board-list li, .notice-list li",a[href],a[href],"td:last-child, .date, .board-date, .wr_date, time",,".date, .board-date, .wr_date, time",(mode=view|articleNo=|boardNo=|nttNo=|idx=|no=\d+|wr_id=\d+|b_idx=\d+|seq=\d+),장학|장학금|학자금|등록금|scholarship|tuition|fellowship,,true
yonsei_013,yonsei,3,43,82,294,경영대학,경영학과,department,연세대 경영학과,https://ysb.yonsei.ac.kr/board.asp?mid=m06_01,https://ysb.yonsei.ac.kr,"tbody tr, .board-list li, .notice-list li",a[href],a[href],"td:last-child, .date, .board-date, .wr_date, time",,".date, .board-date, .wr_date, time",(mode=view|articleNo=|boardNo=|nttNo=|idx=|no=\d+|wr_id=\d+|b_idx=\d+|seq=\d+),장학|장학금|학자금|등록금|scholarship|tuition|fellowship,,true
yonsei_014,yonsei,3,48,108,320,신과대학,신학과,department,연세대 신학과,https://yonshin.yonsei.ac.kr/theology/board02/undergraduate.do,https://yonshin.yonsei.ac.kr,"tbody tr, .board-list li, .notice-list li",a[href],a[href],"td:last-child, .date, .board-date, .wr_date, time",,".date, .board-date, .wr_date, time",(mode=view|articleNo=|boardNo=|nttNo=|idx=|no=\d+|wr_id=\d+|b_idx=\d+|seq=\d+),장학|장학금|학자금|등록금|scholarship|tuition|fellowship,,true
yonsei_015,yonsei,3,49,109,325,사회과학대학,정치외교학과,department,연세대 정치외교학과,https://politics.yonsei.ac.kr/board.asp?catalogid=politics&language=ko&boardcode=com01,https://politics.yonsei.ac.kr,"tbody tr, .board-list li, .notice-list li",a[href],a[href],"td:last-child, .date, .board-date, .wr_date, time",,".date, .board-date, .wr_date, time",(mode=view|articleNo=|boardNo=|nttNo=|idx=|no=\d+|wr_id=\d+|b_idx=\d+|seq=\d+),장학|장학금|학자금|등록금|scholarship|tuition|fellowship,,true
yonsei_016,yonsei,3,49,110,323,사회과학대학,사회학과,department,연세대 사회학과,https://sociology.yonsei.ac.kr/elementor-2080/,https://sociology.yonsei.ac.kr,,a[href],,,,,,장학|장학금|학자금|등록금|scholarship|tuition|fellowship,,true
yonsei_017,yonsei,3,49,111,326,사회과학대학,행정학과,department,연세대 행정학과,https://yupa.yonsei.ac.kr/yupa/notice/undergraduate.do,https://yupa.yonsei.ac.kr,"tbody tr, .board-list li, .notice-list li",a[href],a[href],"td:last-child, .date, .board-date, .wr_date, time",,".date, .board-date, .wr_date, time",(mode=view|articleNo=|boardNo=|nttNo=|idx=|no=\d+|wr_id=\d+|b_idx=\d+|seq=\d+),장학|장학금|학자금|등록금|scholarship|tuition|fellowship,,true
yonsei_018,yonsei,3,49,112,321,사회과학대학,문화인류학과,department,연세대 문화인류학과,https://urban.yonsei.ac.kr/anthro/anthroboard.do,https://urban.yonsei.ac.kr,"tbody tr, .board-list li, .notice-list li",a[href],a[href],"td:last-child, .date, .board-date, .wr_date, time",,".date, .board-date, .wr_date, time",(mode=view|articleNo=|boardNo=|nttNo=|idx=|no=\d+|wr_id=\d+|b_idx=\d+|seq=\d+),장학|장학금|학자금|등록금|scholarship|tuition|fellowship,,true
yonsei_019,yonsei,3,49,113,322,사회과학대학,사회복지학과,department,연세대 사회복지학과,https://devcms.yonsei.ac.kr/welfare/board/notice.do,https://devcms.yonsei.ac.kr,"tbody tr, .board-list li, .notice-list li",a[href],a[href],"td:last-child, .date, .board-date, .wr_date, time",,".date, .board-date, .wr_date, time",(mode=view|articleNo=|boardNo=|nttNo=|idx=|no=\d+|wr_id=\d+|b_idx=\d+|seq=\d+),장학|장학금|학자금|등록금|scholarship|tuition|fellowship,,true
yonsei_020,yonsei,3,49,114,324,사회과학대학,언론홍보영상학부,department,연세대 언론홍보영상학부,https://comm.yonsei.ac.kr/notice.html,https://comm.yonsei.ac.kr,,a[href],,,,,,장학|장학금|학자금|등록금|scholarship|tuition|fellowship,yonsei_communication,true
yonsei_021,yonsei,3,44,83,297,이과대학,수학과,department,연세대 수학과,https://math.yonsei.ac.kr/math/math/notice.do,https://math.yonsei.ac.kr,"tbody tr, .board-list li, .notice-list li",a[href],a[href],"td:last-child, .date, .board-date, .wr_date, time",,".date, .board-date, .wr_date, time",(mode=view|articleNo=|boardNo=|nttNo=|idx=|no=\d+|wr_id=\d+|b_idx=\d+|seq=\d+),장학|장학금|학자금|등록금|scholarship|tuition|fellowship,,true
yonsei_022,yonsei,3,44,84,296,이과대학,물리학과,department,연세대 물리학과,https://physicsyonsei.kr/notice/board,https://physicsyonsei.kr,,a[href],,,,,,장학|장학금|학자금|등록금|scholarship|tuition|fellowship,,true
yonsei_023,yonsei,3,44,85,300,이과대학,화학과,department,연세대 화학과,https://chemyonsei.kr/board/notice,https://chemyonsei.kr,,a[href],,,,,,장학|장학금|학자금|등록금|scholarship|tuition|fellowship,,true
yonsei_024,yonsei,3,44,86,298,이과대학,지구시스템과학과,department,연세대 지구시스템과학과,https://geo.yonsei.ac.kr/index.php?hCode=BOARD&bo_idx=2,https://geo.yonsei.ac.kr,,a[href],,,,,,장학|장학금|학자금|등록금|scholarship|tuition|fellowship,,true
yonsei_025,yonsei,3,44,87,299,이과대학,천문우주학과,department,연세대 천문우주학과,https://astro.yonsei.ac.kr/galaxy/galaxy01/notice.do,https://astro.yonsei.ac.kr,"tbody tr, .board-list li, .notice-list li",a[href],a[href],"td:last-child, .date, .board-date, .wr_date, time",,".date, .board-date, .wr_date, time",(mode=view|articleNo=|boardNo=|nttNo=|idx=|no=\d+|wr_id=\d+|b_idx=\d+|seq=\d+),장학|장학금|학자금|등록금|scholarship|tuition|fellowship,,true
yonsei_026,yonsei,3,44,88,295,이과대학,대기과학과,department,연세대 대기과학과,https://atmos.yonsei.ac.kr/categories/%EA%B3%B5%EC%A7%80%EC%82%AC%ED%95%AD/,https://atmos.yonsei.ac.kr,,a[href],,,,,,장학|장학금|학자금|등록금|scholarship|tuition|fellowship,,true
yonsei_027,yonsei,3,45,89,310,공과대학,화공생명공학부,department,연세대 화공생명공학부,https://chemeng.yonsei.ac.kr/?c=211&s=210,https://chemeng.yonsei.ac.kr,,a[href],,,,,,장학|장학금|학자금|등록금|scholarship|tuition|fellowship,,true
yonsei_028,yonsei,3,45,90,305,공과대학,사회환경시스템공학부,department,연세대 건설환경공학부,https://civil.yonsei.ac.kr/civil/community/board_2.do,https://civil.yonsei.ac.kr,"tbody tr, .board-list li, .notice-list li",a[href],a[href],"td:last-child, .date, .board-date, .wr_date, time",,".date, .board-date, .wr_date, time",(mode=view|articleNo=|boardNo=|nttNo=|idx=|no=\d+|wr_id=\d+|b_idx=\d+|seq=\d+),장학|장학금|학자금|등록금|scholarship|tuition|fellowship,,true
yonsei_029,yonsei,3,45,91,309,공과대학,전기전자공학부,department,연세대 전기전자공학부,https://ee.yonsei.ac.kr/ee/community/academic_notice.do,https://ee.yonsei.ac.kr,"tbody tr, .board-list li, .notice-list li",a[href],a[href],"td:last-child, .date, .board-date, .wr_date, time",,".date, .board-date, .wr_date, time",(mode=view|articleNo=|boardNo=|nttNo=|idx=|no=\d+|wr_id=\d+|b_idx=\d+|seq=\d+),장학|장학금|학자금|등록금|scholarship|tuition|fellowship,,true
yonsei_030,yonsei,3,45,92,302,공과대학,기계공학부,department,연세대 기계공학부,https://me.yonsei.ac.kr/me/community/notice4.do,https://me.yonsei.ac.kr,"tbody tr, .board-list li, .notice-list li",a[href],a[href],"td:last-child, .date, .board-date, .wr_date, time",,".date, .board-date, .wr_date, time",(mode=view|articleNo=|boardNo=|nttNo=|idx=|no=\d+|wr_id=\d+|b_idx=\d+|seq=\d+),장학|장학금|학자금|등록금|scholarship|tuition|fellowship,,true
yonsei_031,yonsei,3,45,93,301,공과대학,건축공학과,department,연세대 건축공학과,https://arch.yonsei.ac.kr/notice,https://arch.yonsei.ac.kr,,a[href],,,,,,장학|장학금|학자금|등록금|scholarship|tuition|fellowship,,true
yonsei_032,yonsei,3,45,94,308,공과대학,신소재공학부,department,연세대 신소재공학부,https://mse.yonsei.ac.kr/board/board.php?bo_table=notice,https://mse.yonsei.ac.kr,"tbody tr, .board-list li, .notice-list li",a[href],a[href],"td:last-child, .date, .board-date, .wr_date, time",,".date, .board-date, .wr_date, time",(mode=view|articleNo=|boardNo=|nttNo=|idx=|no=\d+|wr_id=\d+|b_idx=\d+|seq=\d+),장학|장학금|학자금|등록금|scholarship|tuition|fellowship,,true
yonsei_033,yonsei,3,45,95,306,공과대학,산업공학과,department,연세대 산업공학과,https://ie.yonsei.ac.kr/bbs/board.php?tbl=bbs51,https://ie.yonsei.ac.kr,"tbody tr, .board-list li, .notice-list li",a[href],a[href],"td:last-child, .date, .board-date, .wr_date, time",,".date, .board-date, .wr_date, time",(mode=view|articleNo=|boardNo=|nttNo=|idx=|no=\d+|wr_id=\d+|b_idx=\d+|seq=\d+),장학|장학금|학자금|등록금|scholarship|tuition|fellowship,,true
yonsei_034,yonsei,3,45,96,303,공과대학,도시공학과,department,연세대 도시공학과,https://chaplain.yonsei.ac.kr/urban/notice/notice.do,https://chaplain.yonsei.ac.kr,"tbody tr, .board-list li, .notice-list li",a[href],a[href],"td:last-child, .date, .board-date, .wr_date, time",,".date, .board-date, .wr_date, time",(mode=view|articleNo=|boardNo=|nttNo=|idx=|no=\d+|wr_id=\d+|b_idx=\d+|seq=\d+),장학|장학금|학자금|등록금|scholarship|tuition|fellowship,,true
yonsei_035,yonsei,3,45,97,307,공과대학,시스템반도체공학과,department,연세대 시스템반도체공학과,https://system.yonsei.ac.kr/bbs/board.php?bo_table=sub5_2_a,https://system.yonsei.ac.kr,"tbody tr, .board-list li, .notice-list li",a[href],a[href],"td:last-child, .date, .board-date, .wr_date, time",,".date, .board-date, .wr_date, time",(mode=view|articleNo=|boardNo=|nttNo=|idx=|no=\d+|wr_id=\d+|b_idx=\d+|seq=\d+),장학|장학금|학자금|등록금|scholarship|tuition|fellowship,,true
yonsei_036,yonsei,3,45,98,304,공과대학,디스플레이융합공학과,department,연세대 디스플레이융합공학과,https://dis.yonsei.ac.kr/?module=Board&action=SiteBoard&sMode=SELECT_FORM&iBrdNo=4,https://dis.yonsei.ac.kr,,a[href],,,,,,장학|장학금|학자금|등록금|scholarship|tuition|fellowship,,true
yonsei_037,yonsei,3,46,99,313,생명시스템대학,시스템생물학과,department,연세대 시스템생물학과,https://systemsbiology.yonsei.ac.kr/l_system/notice.do,https://systemsbiology.yonsei.ac.kr,"tbody tr, .board-list li, .notice-list li",a[href],a[href],"td:last-child, .date, .board-date, .wr_date, time",,".date, .board-date, .wr_date, time",(mode=view|articleNo=|boardNo=|nttNo=|idx=|no=\d+|wr_id=\d+|b_idx=\d+|seq=\d+),장학|장학금|학자금|등록금|scholarship|tuition|fellowship,,true
yonsei_038,yonsei,3,46,100,312,생명시스템대학,생화학과,department,연세대 생화학과,https://biochem.yonsei.ac.kr/biochem/board/board01.do,https://biochem.yonsei.ac.kr,"tbody tr, .board-list li, .notice-list li",a[href],a[href],"td:last-child, .date, .board-date, .wr_date, time",,".date, .board-date, .wr_date, time",(mode=view|articleNo=|boardNo=|nttNo=|idx=|no=\d+|wr_id=\d+|b_idx=\d+|seq=\d+),장학|장학금|학자금|등록금|scholarship|tuition|fellowship,,true
yonsei_039,yonsei,3,46,101,311,생명시스템대학,생명공학과,department,연세대 생명공학과,https://biotech.yonsei.ac.kr/biotech/community/announce.do,https://biotech.yonsei.ac.kr,"tbody tr, .board-list li, .notice-list li",a[href],a[href],"td:last-child, .date, .board-date, .wr_date, time",,".date, .board-date, .wr_date, time",(mode=view|articleNo=|boardNo=|nttNo=|idx=|no=\d+|wr_id=\d+|b_idx=\d+|seq=\d+),장학|장학금|학자금|등록금|scholarship|tuition|fellowship,,true
yonsei_040,yonsei,3,47,102,319,인공지능융합대학,컴퓨터과학과,department,연세대 컴퓨터과학과,https://cais.yonsei.ac.kr/csai/board/facultyBoard.do,https://cais.yonsei.ac.kr,"tbody tr, .board-list li, .notice-list li",a[href],a[href],"td:last-child, .date, .board-date, .wr_date, time",,".date, .board-date, .wr_date, time",(mode=view|articleNo=|boardNo=|nttNo=|idx=|no=\d+|wr_id=\d+|b_idx=\d+|seq=\d+),장학|장학금|학자금|등록금|scholarship|tuition|fellowship,,true
yonsei_041,yonsei,3,47,103,317,인공지능융합대학,인공지능학과,department,연세대 인공지능학과,https://cais.yonsei.ac.kr/csai/board/facultyBoard.do,https://cais.yonsei.ac.kr,"tbody tr, .board-list li, .notice-list li",a[href],a[href],"td:last-child, .date, .board-date, .wr_date, time",,".date, .board-date, .wr_date, time",(mode=view|articleNo=|boardNo=|nttNo=|idx=|no=\d+|wr_id=\d+|b_idx=\d+|seq=\d+),장학|장학금|학자금|등록금|scholarship|tuition|fellowship,,true
yonsei_042,yonsei,3,47,104,316,인공지능융합대학,인공지능시스템학과,department,연세대 인공지능시스템학과,https://computing.yonsei.ac.kr:52141/bbs/board.php?bo_table=sub8_2_a,https://computing.yonsei.ac.kr:52141,"tbody tr, .board-list li, .notice-list li",a[href],a[href],"td:last-child, .date, .board-date, .wr_date, time",,".date, .board-date, .wr_date, time",(mode=view|articleNo=|boardNo=|nttNo=|idx=|no=\d+|wr_id=\d+|b_idx=\d+|seq=\d+),장학|장학금|학자금|등록금|scholarship|tuition|fellowship,,true
yonsei_043,yonsei,3,47,105,314,인공지능융합대학,IT융합공학전공,department,연세대 IT융합공학전공,https://sit.yonsei.ac.kr/sit/community/notice.do,https://sit.yonsei.ac.kr,"tbody tr, .board-list li, .notice-list li",a[href],a[href],"td:last-child, .date, .board-date, .wr_date, time",,".date, .board-date, .wr_date, time",(mode=view|articleNo=|boardNo=|nttNo=|idx=|no=\d+|wr_id=\d+|b_idx=\d+|seq=\d+),장학|장학금|학자금|등록금|scholarship|tuition|fellowship,,true
yonsei_044,yonsei,3,47,106,318,인공지능융합대학,지능형반도체전공,department,연세대 지능형반도체전공,https://sit.yonsei.ac.kr/sit/community/notice.do,https://sit.yonsei.ac.kr,"tbody tr, .board-list li, .notice-list li",a[href],a[href],"td:last-child, .date, .board-date, .wr_date, time",,".date, .board-date, .wr_date, time",(mode=view|articleNo=|boardNo=|nttNo=|idx=|no=\d+|wr_id=\d+|b_idx=\d+|seq=\d+),장학|장학금|학자금|등록금|scholarship|tuition|fellowship,,true
yonsei_045,yonsei,3,47,107,315,인공지능융합대학,모빌리티시스템전공,department,연세대 모빌리티시스템전공,https://sit.yonsei.ac.kr/sit/community/notice.do,https://sit.yonsei.ac.kr,"tbody tr, .board-list li, .notice-list li",a[href],a[href],"td:last-child, .date, .board-date, .wr_date, time",,".date, .board-date, .wr_date, time",(mode=view|articleNo=|boardNo=|nttNo=|idx=|no=\d+|wr_id=\d+|b_idx=\d+|seq=\d+),장학|장학금|학자금|등록금|scholarship|tuition|fellowship,,true
yonsei_046,yonsei,3,50,115,328,음악대학,교회음악과,department,연세대 교회음악과,https://music.yonsei.ac.kr/music/community/notice.do,https://music.yonsei.ac.kr,"tbody tr, .board-list li, .notice-list li",a[href],a[href],"td:last-child, .date, .board-date, .wr_date, time",,".date, .board-date, .wr_date, time",(mode=view|articleNo=|boardNo=|nttNo=|idx=|no=\d+|wr_id=\d+|b_idx=\d+|seq=\d+),장학|장학금|학자금|등록금|scholarship|tuition|fellowship,,true
yonsei_047,yonsei,3,50,116,329,음악대학,성악과,department,연세대 성악과,https://music.yonsei.ac.kr/music/community/notice.do,https://music.yonsei.ac.kr,"tbody tr, .board-list li, .notice-list li",a[href],a[href],"td:last-child, .date, .board-date, .wr_date, time",,".date, .board-date, .wr_date, time",(mode=view|articleNo=|boardNo=|nttNo=|idx=|no=\d+|wr_id=\d+|b_idx=\d+|seq=\d+),장학|장학금|학자금|등록금|scholarship|tuition|fellowship,,true
yonsei_048,yonsei,3,50,117,331,음악대학,피아노과,department,연세대 피아노과,https://music.yonsei.ac.kr/music/community/notice.do,https://music.yonsei.ac.kr,"tbody tr, .board-list li, .notice-list li",a[href],a[href],"td:last-child, .date, .board-date, .wr_date, time",,".date, .board-date, .wr_date, time",(mode=view|articleNo=|boardNo=|nttNo=|idx=|no=\d+|wr_id=\d+|b_idx=\d+|seq=\d+),장학|장학금|학자금|등록금|scholarship|tuition|fellowship,,true
yonsei_049,yonsei,3,50,118,327,음악대학,관현악과,department,연세대 관현악과,https://music.yonsei.ac.kr/music/community/notice.do,https://music.yonsei.ac.kr,"tbody tr, .board-list li, .notice-list li",a[href],a[href],"td:last-child, .date, .board-date, .wr_date, time",,".date, .board-date, .wr_date, time",(mode=view|articleNo=|boardNo=|nttNo=|idx=|no=\d+|wr_id=\d+|b_idx=\d+|seq=\d+),장학|장학금|학자금|등록금|scholarship|tuition|fellowship,,true
yonsei_050,yonsei,3,50,119,330,음악대학,작곡과,department,연세대 작곡과,https://music.yonsei.ac.kr/music/community/notice.do,https://music.yonsei.ac.kr,"tbody tr, .board-list li, .notice-list li",a[href],a[href],"td:last-child, .date, .board-date, .wr_date, time",,".date, .board-date, .wr_date, time",(mode=view|articleNo=|boardNo=|nttNo=|idx=|no=\d+|wr_id=\d+|b_idx=\d+|seq=\d+),장학|장학금|학자금|등록금|scholarship|tuition|fellowship,,true
yonsei_051,yonsei,3,51,120,335,생활과학대학,의류환경학과,department,연세대 의류환경학과,https://human.yonsei.ac.kr/human/board/notice.do,https://human.yonsei.ac.kr,"tbody tr, .board-list li, .notice-list li",a[href],a[href],"td:last-child, .date, .board-date, .wr_date, time",,".date, .board-date, .wr_date, time",(mode=view|articleNo=|boardNo=|nttNo=|idx=|no=\d+|wr_id=\d+|b_idx=\d+|seq=\d+),장학|장학금|학자금|등록금|scholarship|tuition|fellowship,,true
yonsei_052,yonsei,3,51,121,334,생활과학대학,아동·가족학과,department,연세대 아동·가족학과,https://human.yonsei.ac.kr/human/board/notice.do,https://human.yonsei.ac.kr,"tbody tr, .board-list li, .notice-list li",a[href],a[href],"td:last-child, .date, .board-date, .wr_date, time",,".date, .board-date, .wr_date, time",(mode=view|articleNo=|boardNo=|nttNo=|idx=|no=\d+|wr_id=\d+|b_idx=\d+|seq=\d+),장학|장학금|학자금|등록금|scholarship|tuition|fellowship,,true
yonsei_053,yonsei,3,51,122,332,생활과학대학,식품영양학과,department,연세대 식품영양학과,https://human.yonsei.ac.kr/human/board/notice.do,https://human.yonsei.ac.kr,"tbody tr, .board-list li, .notice-list li",a[href],a[href],"td:last-child, .date, .board-date, .wr_date, time",,".date, .board-date, .wr_date, time",(mode=view|articleNo=|boardNo=|nttNo=|idx=|no=\d+|wr_id=\d+|b_idx=\d+|seq=\d+),장학|장학금|학자금|등록금|scholarship|tuition|fellowship,,true
yonsei_054,yonsei,3,51,123,336,생활과학대학,통합디자인학과,department,연세대 통합디자인학과,https://human.yonsei.ac.kr/human/board/notice.do,https://human.yonsei.ac.kr,"tbody tr, .board-list li, .notice-list li",a[href],a[href],"td:last-child, .date, .board-date, .wr_date, time",,".date, .board-date, .wr_date, time",(mode=view|articleNo=|boardNo=|nttNo=|idx=|no=\d+|wr_id=\d+|b_idx=\d+|seq=\d+),장학|장학금|학자금|등록금|scholarship|tuition|fellowship,,true
yonsei_055,yonsei,3,51,124,333,생활과학대학,실내건축학과,department,연세대 실내건축학과,https://human.yonsei.ac.kr/human/board/notice.do,https://human.yonsei.ac.kr,"tbody tr, .board-list li, .notice-list li",a[href],a[href],"td:last-child, .date, .board-date, .wr_date, time",,".date, .board-date, .wr_date, time",(mode=view|articleNo=|boardNo=|nttNo=|idx=|no=\d+|wr_id=\d+|b_idx=\d+|seq=\d+),장학|장학금|학자금|등록금|scholarship|tuition|fellowship,,true
yonsei_056,yonsei,3,52,125,337,교육과학대학,교육학부,department,연세대 교육학부,https://edu.yonsei.ac.kr/edu/community/notice.do,https://edu.yonsei.ac.kr,"tbody tr, .board-list li, .notice-list li",a[href],a[href],"td:last-child, .date, .board-date, .wr_date, time",,".date, .board-date, .wr_date, time",(mode=view|articleNo=|boardNo=|nttNo=|idx=|no=\d+|wr_id=\d+|b_idx=\d+|seq=\d+),장학|장학금|학자금|등록금|scholarship|tuition|fellowship,,true
yonsei_057,yonsei,3,52,126,339,교육과학대학,체육교육학과,department,연세대 체육교육학과,https://ped.yonsei.ac.kr/board/departmentnews,https://ped.yonsei.ac.kr,,a[href],,,,,,장학|장학금|학자금|등록금|scholarship|tuition|fellowship,,true
yonsei_058,yonsei,3,52,127,338,교육과학대학,스포츠응용산업학과,department,연세대 스포츠응용산업학과,https://sportindustrystudies.yonsei.ac.kr/ysis/search/notice.do,https://sportindustrystudies.yonsei.ac.kr,"tbody tr, .board-list li, .notice-list li",a[href],a[href],"td:last-child, .date, .board-date, .wr_date, time",,".date, .board-date, .wr_date, time",(mode=view|articleNo=|boardNo=|nttNo=|idx=|no=\d+|wr_id=\d+|b_idx=\d+|seq=\d+),장학|장학금|학자금|등록금|scholarship|tuition|fellowship,,true
yonsei_059,yonsei,3,,,1127,학부대학,진리자유학부,college,연세대 학부대학 진리자유학부 (1학년 공통),https://universitycollege.yonsei.ac.kr/uc/notice/student-notice.do,https://universitycollege.yonsei.ac.kr,"tbody tr, .board-list li, .notice-list li",a[href],a[href],"td:last-child, .date, .board-date, .wr_date, time",,".date, .board-date, .wr_date, time",(mode=view|articleNo=|boardNo=|nttNo=|idx=|no=\d+|wr_id=\d+|b_idx=\d+|seq=\d+),장학|장학금|학자금|등록금|scholarship|tuition|fellowship,,true
yonsei_060,yonsei,3,53,,46,언더우드국제대학,언더우드학부(UD),college,연세대 언더우드학부(UD),https://uic.yonsei.ac.kr/main/news.php?mid=m06_01_01,https://uic.yonsei.ac.kr,,a[href],,,,,,장학|장학금|학자금|등록금|scholarship|tuition|fellowship,yonsei_uic,true
yonsei_061,yonsei,3,53,,46,언더우드국제대학,융합인문사회과학부(HASS),college,연세대 융합인문사회과학부(HASS),https://uic.yonsei.ac.kr/main/news.php?mid=m06_01_01,https://uic.yonsei.ac.kr,,a[href],,,,,,장학|장학금|학자금|등록금|scholarship|tuition|fellowship,yonsei_uic,true
yonsei_062,yonsei,3,53,,46,언더우드국제대학,융합과학공학부(ISE),college,연세대 융합과학공학부(ISE),https://uic.yonsei.ac.kr/main/news.php?mid=m06_01_01,https://uic.yonsei.ac.kr,,a[href],,,,,,장학|장학금|학자금|등록금|scholarship|tuition|fellowship,yonsei_uic,true
yonsei_063,yonsei,3,53,,46,언더우드국제대학,테크노아트학부(TA),college,연세대 테크노아트학부(TA),https://uic.yonsei.ac.kr/main/news.php?mid=m06_01_01,https://uic.yonsei.ac.kr,,a[href],,,,,,장학|장학금|학자금|등록금|scholarship|tuition|fellowship,yonsei_uic,true
yonsei_064,yonsei,3,54,,47,글로벌인재대학,글로벌인재학부,college,연세대 글로벌인재학부,https://glc.yonsei.ac.kr/notice/,https://glc.yonsei.ac.kr,,a[href],,,,,,장학|장학금|학자금|등록금|scholarship|tuition|fellowship,,true
yonsei_065,yonsei,3,55,,48,의과대학,의예과 / 의학과,college,연세대 의예과 / 의학과,https://medicine.yonsei.ac.kr/medicine/news/notice.do,https://medicine.yonsei.ac.kr,"tbody tr, .board-list li, .notice-list li",a[href],a[href],"td:last-child, .date, .board-date, .wr_date, time",,".date, .board-date, .wr_date, time",(mode=view|articleNo=|boardNo=|nttNo=|idx=|no=\d+|wr_id=\d+|b_idx=\d+|seq=\d+),장학|장학금|학자금|등록금|scholarship|tuition|fellowship,,true
yonsei_066,yonsei,3,56,,49,치과대학,치의예과 / 치의학과,college,연세대 치의예과 / 치의학과,https://dentistry.yonsei.ac.kr/dentistry/news/notice.do,https://dentistry.yonsei.ac.kr,"tbody tr, .board-list li, .notice-list li",a[href],a[href],"td:last-child, .date, .board-date, .wr_date, time",,".date, .board-date, .wr_date, time",(mode=view|articleNo=|boardNo=|nttNo=|idx=|no=\d+|wr_id=\d+|b_idx=\d+|seq=\d+),장학|장학금|학자금|등록금|scholarship|tuition|fellowship,,true
yonsei_067,yonsei,3,57,154,366,간호대학,간호학과,department,연세대 간호학과,https://nursingcollege.yonsei.ac.kr/nursing/about/gallery.do,https://nursingcollege.yonsei.ac.kr,"tbody tr, .board-list li, .notice-list li",a[href],a[href],"td:last-child, .date, .board-date, .wr_date, time",,".date, .board-date, .wr_date, time",(mode=view|articleNo=|boardNo=|nttNo=|idx=|no=\d+|wr_id=\d+|b_idx=\d+|seq=\d+),장학|장학금|학자금|등록금|scholarship|tuition|fellowship,,true
yonsei_068,yonsei,3,58,155,367,약학대학,약학과,department,연세대 약학과,https://pharmacy.yonsei.ac.kr/pharmacy/community/notice.do,https://pharmacy.yonsei.ac.kr,"tbody tr, .board-list li, .notice-list li",a[href],a[href],"td:last-child, .date, .board-date, .wr_date, time",,".date, .board-date, .wr_date, time",(mode=view|articleNo=|boardNo=|nttNo=|idx=|no=\d+|wr_id=\d+|b_idx=\d+|seq=\d+),장학|장학금|학자금|등록금|scholarship|tuition|fellowship,,true
yonsei_069,yonsei,3,,,2,,,university,연세대 학생지원팀 장학공지,https://www.yonsei.ac.kr/sc/254/subview.do?enc=Zm5jdDF8QEB8JTJGYmJzJTJGc2MlMkY1OCUyRmFydGNsTGlzdC5kbyUzRmZpbmRDbFNlcSUzRDI1NyUyNg%3D%3D,https://www.yonsei.ac.kr,"tbody tr, .board-list li, .notice-list li",a[href],a[href],"td:last-child, .date, .board-date, .wr_date, time",,".date, .board-date, .wr_date, time",artclView,장학|장학금|학자금|등록금|scholarship|tuition|fellowship,,true
yonsei_070,yonsei,3,41,,34,문과대학,,college,연세대 문과대학,https://libart.yonsei.ac.kr/libart/board/notice.do,https://libart.yonsei.ac.kr,"tbody tr, .board-list li, .notice-list li",a[href],a[href],"td:last-child, .date, .board-date, .wr_date, time",,".date, .board-date, .wr_date, time",(mode=view|articleNo=|boardNo=|nttNo=|idx=|no=\d+|wr_id=\d+|b_idx=\d+|seq=\d+),장학|장학금|학자금|등록금|scholarship|tuition|fellowship,,true
yonsei_071,yonsei,3,45,,38,공과대학,,college,연세대 공과대학,https://engineering.yonsei.ac.kr/engineering/board/notice.do,https://engineering.yonsei.ac.kr,"tbody tr, .board-list li, .notice-list li",a[href],a[href],"td:last-child, .date, .board-date, .wr_date, time",,".date, .board-date, .wr_date, time",(mode=view|articleNo=|boardNo=|nttNo=|idx=|no=\d+|wr_id=\d+|b_idx=\d+|seq=\d+),장학|장학금|학자금|등록금|scholarship|tuition|fellowship,,true
yonsei_072,yonsei,3,42,,35,상경대학,,college,연세대 상경대학,https://yce.yonsei.ac.kr/ybe/notice/notice.do,https://yce.yonsei.ac.kr,"tbody tr, .board-list li, .notice-list li",a[href],a[href],"td:last-child, .date, .board-date, .wr_date, time",,".date, .board-date, .wr_date, time",(mode=view|articleNo=|boardNo=|nttNo=|idx=|no=\d+|wr_id=\d+|b_idx=\d+|seq=\d+),장학|장학금|학자금|등록금|scholarship|tuition|fellowship,,true
yonsei_073,yonsei,3,49,,42,사회과학대학,,college,연세대 사회과학대학,https://socsci.yonsei.ac.kr/socsci/community/notice.do,https://socsci.yonsei.ac.kr,"tbody tr, .board-list li, .notice-list li",a[href],a[href],"td:last-child, .date, .board-date, .wr_date, time",,".date, .board-date, .wr_date, time",(mode=view|articleNo=|boardNo=|nttNo=|idx=|no=\d+|wr_id=\d+|b_idx=\d+|seq=\d+),장학|장학금|학자금|등록금|scholarship|tuition|fellowship,,true
